year,ac_no,total_electors,votes_polled,turnout_pct
2021,1,226465,198744,87.76
2021,2,248022,214203,86.36
2021,3,282988,243916,86.19
2021,4,233839,195505,83.61
2021,5,285260,245966,86.23
2021,6,290568,238578,82.11
2021,7,299251,243751,81.45
2021,8,245040,217173,88.63
2021,9,234311,209378,89.36
2021,10,272924,232489,85.18
2021,11,247425,195815,79.14
2021,12,260652,222732,85.45
2021,13,254554,220500,86.62
2021,14,212651,166920,78.49
2021,15,263118,229323,87.16
2021,16,264265,236093,89.34
2021,17,262500,225933,86.07
2021,18,244163,215755,88.37
2021,19,310354,258969,83.44
2021,20,255570,213255,83.44
2021,21,237305,191169,80.56
2021,22,211896,154863,73.08
2021,23,246663,168575,68.34
2021,24,236477,175545,74.23
2021,25,287565,240591,83.66
2021,26,228406,178650,78.22
2021,27,240496,207590,86.32
2021,28,247764,204110,82.38
2021,29,219728,169974,77.36
2021,30,224633,161535,71.91
2021,31,233378,173400,74.3
2021,32,262583,213136,81.17
2021,33,265318,223301,84.16
2021,34,282575,239726,84.84
2021,35,198780,161347,81.17
2021,36,229362,193986,84.58
2021,37,219921,184075,83.7
2021,38,203986,170928,83.79
2021,39,180390,152092,84.31
2021,40,220236,186309,84.6
2021,41,224040,189482,84.58
2021,42,228189,187642,82.23
2021,43,249557,197989,79.34
2021,44,267096,221214,82.82
2021,45,249402,199679,80.06
2021,46,252487,203153,80.46
2021,47,231907,185484,79.98
2021,48,282451,219148,77.59
2021,49,253353,206991,81.7
2021,50,245962,206489,83.95
2021,51,275296,215675,78.34
2021,52,196324,163143,83.1
2021,53,251186,207591,82.64
2021,54,246956,208652,84.49
2021,55,227549,186424,81.93
2021,56,235576,188582,80.05
2021,57,265418,216328,81.5
2021,58,255064,198263,77.73
2021,59,249559,190478,76.33
2021,60,236885,186816,78.86
2021,61,234381,190438,81.25
2021,62,263765,225990,85.68
2021,63,256101,222016,86.69
2021,64,268221,229231,85.46
2021,65,251378,208516,82.95
2021,66,228923,185936,81.22
2021,67,217500,176803,81.29
2021,68,238973,186481,78.03
2021,69,243603,189047,77.6
2021,70,259771,210445,81.01
2021,71,252944,204511,80.85
2021,72,260667,197607,75.81
2021,73,247421,216075,87.33
2021,74,247688,202349,81.7
2021,75,266283,226183,84.94
2021,76,261258,222167,85.04
2021,77,251039,221506,88.24
2021,78,252454,218109,86.4
2021,79,244867,203385,83.06
2021,80,248358,209379,84.31
2021,81,247691,209570,84.61
2021,82,248014,213175,85.95
2021,83,238220,201805,84.71
2021,84,243159,210589,86.61
2021,85,225118,195685,86.93
2021,86,255619,219692,85.95
2021,87,265846,223193,83.96
2021,88,273728,231938,84.73
2021,89,264929,214736,81.05
2021,90,285180,241687,84.75
2021,91,245514,212064,86.38
2021,92,257683,220338,85.51
2021,93,240606,210874,87.64
2021,94,277464,218791,78.85
2021,95,251387,205175,81.62
2021,96,248278,207834,83.71
2021,97,252053,213243,84.6
2021,98,246109,211804,86.06
2021,99,243747,212883,87.34
2021,100,242425,204171,84.22
2021,101,257180,216724,84.27
2021,102,242462,211742,87.33
2021,103,192316,139096,72.33
2021,104,193930,156468,80.68
2021,105,154037,107197,69.59
2021,106,233871,181287,77.52
2021,107,262153,192634,73.48
2021,108,215356,148249,68.84
2021,109,232619,183147,78.73
2021,110,273015,213149,78.07
2021,111,230748,174356,75.56
2021,112,197103,144310,73.22
2021,113,217774,160259,73.59
2021,114,247858,185334,74.77
2021,115,289075,234906,81.26
2021,116,243360,162035,66.58
2021,117,257447,178723,69.42
2021,118,272397,230431,84.59
2021,119,279592,225707,80.73
2021,120,242652,214380,88.35
2021,121,259206,227395,87.73
2021,122,236528,212352,89.78
2021,123,238633,205787,86.24
2021,124,275934,235737,85.43
2021,125,268034,238426,88.95
2021,126,228508,194681,85.2
2021,127,230348,195808,85.01
2021,128,260681,213910,82.06
2021,129,265561,227351,85.61
2021,130,263675,231786,87.91
2021,131,247826,219597,88.61
2021,132,274715,239067,87.02
2021,133,220144,193130,87.73
2021,134,273558,238720,87.26
2021,135,229129,199490,87.06
2021,136,239968,202431,84.36
2021,137,265091,225114,84.92
2021,138,257681,218354,84.74
2021,139,262349,232766,88.72
2021,140,253749,211293,83.27
2021,141,242530,206153,85.0
2021,142,229437,194282,84.68
2021,143,255132,225397,88.35
2021,144,236768,207932,87.82
2021,145,270193,235546,87.18
2021,146,278650,237570,85.26
2021,147,288263,232807,80.76
2021,148,271897,242185,89.07
2021,149,306266,223154,72.86
2021,150,299818,215419,71.85
2021,151,300330,240495,80.08
2021,152,269713,197365,73.18
2021,153,308285,221872,71.97
2021,154,313198,231816,74.02
2021,155,271007,219969,81.17
2021,156,256136,216892,84.68
2021,157,256315,196582,76.7
2021,158,235933,152443,64.61
2021,159,206389,127376,61.72
2021,160,206013,124455,60.41
2021,161,247662,150962,60.95
2021,162,208201,111493,53.55
2021,163,230814,156874,67.97
2021,164,250881,158506,63.18
2021,165,197950,98955,49.99
2021,166,176557,102970,58.32
2021,167,211308,132967,62.93
2021,168,223714,134872,60.29
2021,169,176197,125873,71.44
2021,170,218547,149720,68.51
2021,171,266542,195144,73.21
2021,172,233676,182219,77.98
2021,173,294243,216940,73.73
2021,174,277076,222127,80.17
2021,175,266183,217009,81.53
2021,176,233764,193021,82.57
2021,177,224423,185780,82.78
2021,178,237620,202266,85.12
2021,179,257593,221889,86.14
2021,180,231216,199935,86.47
2021,181,261881,208810,79.73
2021,182,235467,198211,84.18
2021,183,288158,235721,81.8
2021,184,299250,250978,83.87
2021,185,259814,199894,76.94
2021,186,252758,188081,74.41
2021,187,263372,201131,76.37
2021,188,246867,209938,85.04
2021,189,229572,182178,79.36
2021,190,314274,254737,81.06
2021,191,258955,219957,84.94
2021,192,270503,223664,82.68
2021,193,234840,192190,81.84
2021,194,263257,207106,78.67
2021,195,257025,210411,81.86
2021,196,269649,220774,81.87
2021,197,271518,233838,86.12
2021,198,239820,205917,85.86
2021,199,259988,223074,85.8
2021,200,257621,219960,85.38
2021,201,246570,219545,89.04
2021,202,277259,217991,78.62
2021,203,266881,236031,88.44
2021,204,236306,198400,83.96
2021,205,274092,234141,85.42
2021,206,255164,224434,87.96
2021,207,253829,227275,89.54
2021,208,245266,219355,89.44
2021,209,251051,220823,87.96
2021,210,257999,228405,88.53
2021,211,245775,220327,89.65
2021,212,236413,208827,88.33
2021,213,257427,228416,88.73
2021,214,254184,222650,87.59
2021,215,238630,212621,89.1
2021,216,224657,194681,86.66
2021,217,264900,222060,83.83
2021,218,284614,240817,84.61
2021,219,233841,197798,84.59
2021,220,226791,192354,84.82
2021,221,226417,199070,87.92
2021,222,236035,201797,85.49
2021,223,238835,212681,89.05
2021,224,234672,171385,73.03
2021,225,243832,217750,89.3
2021,226,264783,236201,89.21
2021,227,255054,228669,89.66
2021,228,227081,200044,88.09
2021,229,234184,204866,87.48
2021,230,298096,222464,74.63
2021,231,279908,225375,80.52
2021,232,279867,249315,89.08
2021,233,232046,207681,89.5
2021,234,276940,249195,89.98
2021,235,261529,230232,88.03
2021,236,280060,238898,85.3
2021,237,224036,188798,84.27
2021,238,284840,241055,84.63
2021,239,238113,197965,83.14
2021,240,249613,206303,82.65
2021,241,249621,202767,81.23
2021,242,258947,206868,79.89
2021,243,253708,213729,84.24
2021,244,238871,194892,81.59
2021,245,243906,194021,79.55
2021,246,259434,214690,82.75
2021,247,232517,202413,87.05
2021,248,242270,196836,81.25
2021,249,253359,211170,83.35
2021,250,224604,194476,86.59
2021,251,233291,203186,87.1
2021,252,269829,217986,80.79
2021,253,250729,219452,87.53
2021,254,256906,225759,87.88
2021,255,219284,191469,87.32
2021,256,246785,224123,90.82
2021,257,242938,218453,89.92
2021,258,233059,207739,89.14
2021,259,242730,217897,89.77
2021,260,257940,205345,79.61
2021,261,258742,229166,88.57
2021,262,235973,206690,87.59
2021,263,242229,209036,86.3
2021,264,241471,208951,86.53
2021,265,254236,218802,86.06
2021,266,277026,241925,87.33
2021,267,246694,214168,86.82
2021,268,248533,215353,86.65
2021,269,252626,212343,84.05
2021,270,267738,224459,83.84
2021,271,258310,215317,83.36
2021,272,251003,217329,86.58
2021,273,246956,217080,87.9
2021,274,256642,222538,86.71
2021,275,211960,164291,77.51
2021,276,256531,192674,75.11
2021,277,269303,196902,73.12
2021,278,250813,182211,72.65
2021,279,221419,166703,75.29
2021,280,274245,194737,71.01
2021,281,275796,192907,69.95
2021,282,251671,174767,69.44
2021,283,225596,169207,75.0
2021,284,241742,204599,84.64
2021,285,263557,218590,82.94
2021,286,273896,230260,84.07
2021,287,276777,235328,85.02
2021,288,240044,212027,88.33
2021,289,255959,221866,86.68
2021,290,230682,199425,86.45
2021,291,260812,217323,83.33
2021,292,248113,210606,84.88
2021,293,244837,207696,84.83
2021,294,263200,217917,82.8
2026,1,224781,218859,97.37
2026,2,249135,241845,97.07
2026,3,264197,254175,96.21
2026,4,214440,205413,95.79
2026,5,285874,279822,97.88
2026,6,273362,265319,97.06
2026,7,278074,267925,96.35
2026,8,240383,232716,96.81
2026,9,238111,230829,96.94
2026,10,260288,246827,94.83
2026,11,222332,202607,91.13
2026,12,245304,232466,94.77
2026,13,245799,235953,95.99
2026,14,194663,176753,90.8
2026,15,258677,248496,96.06
2026,16,259205,251447,97.01
2026,17,251217,237856,94.68
2026,18,231186,224379,97.06
2026,19,264767,251889,95.14
2026,20,238092,224453,94.27
2026,21,220932,203963,92.32
2026,22,203506,169477,83.28
2026,23,210995,173807,82.37
2026,24,218103,181833,83.37
2026,25,270154,250985,92.9
2026,26,201008,183573,91.33
2026,27,217918,207732,95.33
2026,28,219393,211163,96.25
2026,29,202385,185961,91.88
2026,30,199566,183176,91.79
2026,31,216163,199125,92.12
2026,32,231680,219973,94.95
2026,33,246863,239372,96.97
2026,34,268580,258225,96.14
2026,35,174464,164804,94.46
2026,36,211669,204159,96.45
2026,37,206031,199526,96.84
2026,38,180629,173869,96.26
2026,39,167310,158296,94.61
2026,40,195260,186702,95.62
2026,41,200464,192823,96.19
2026,42,211506,204074,96.49
2026,43,238515,227613,95.43
2026,44,255389,243885,95.5
2026,45,244678,234409,95.8
2026,46,239042,227099,95.0
2026,47,212732,202035,94.97
2026,48,247168,233138,94.32
2026,49,236535,225363,95.28
2026,50,231841,220797,95.24
2026,51,249659,234560,93.95
2026,52,169594,162178,95.63
2026,53,236585,227125,96.0
2026,54,234158,224839,96.02
2026,55,181811,174841,96.17
2026,56,161502,155430,96.24
2026,57,229360,220852,96.29
2026,58,221206,212606,96.11
2026,59,200586,194765,97.1
2026,60,217262,207660,95.58
2026,61,186332,180167,96.69
2026,62,224767,218216,97.09
2026,63,244547,237202,97.0
2026,64,248676,237534,95.52
2026,65,243554,221580,90.98
2026,66,231076,204477,88.49
2026,67,214906,188917,87.91
2026,68,234139,199460,85.19
2026,69,240461,214424,89.17
2026,70,257373,239295,92.98
2026,71,244767,228591,93.39
2026,72,241429,224268,92.89
2026,73,245668,235296,95.78
2026,74,236256,221600,93.8
2026,75,267693,257790,96.3
2026,76,263066,253306,96.29
2026,77,253802,240916,94.92
2026,78,253796,233588,92.04
2026,79,232690,214650,92.25
2026,80,233595,219023,93.76
2026,81,219401,205920,93.86
2026,82,232860,210762,90.51
2026,83,217296,202057,92.99
2026,84,230481,218181,94.66
2026,85,210686,197084,93.54
2026,86,227916,214973,94.32
2026,87,233327,217135,93.06
2026,88,254486,232467,91.35
2026,89,233552,211396,90.51
2026,90,254197,232685,91.54
2026,91,224671,210720,93.79
2026,92,230939,215506,93.32
2026,93,225582,212756,94.31
2026,94,241642,217223,89.89
2026,95,226988,211344,93.11
2026,96,228861,212191,92.72
2026,97,223535,209201,93.59
2026,98,229583,218120,95.01
2026,99,236598,227365,96.1
2026,100,209653,198737,94.79
2026,101,229948,219757,95.57
2026,102,221501,213502,96.39
2026,103,158512,144886,91.4
2026,104,171184,157664,92.1
2026,105,117493,106314,90.49
2026,106,196204,183193,93.37
2026,107,214216,195177,91.11
2026,108,171212,154918,90.48
2026,109,210105,196505,93.53
2026,110,240505,223349,92.87
2026,111,189867,174984,92.16
2026,112,162833,148272,91.06
2026,113,186656,169347,90.73
2026,114,217724,198098,90.99
2026,115,267716,252560,94.34
2026,116,203960,177484,87.02
2026,117,218980,195730,89.38
2026,118,244690,232916,95.19
2026,119,252684,236603,93.64
2026,120,240229,233473,97.19
2026,121,243479,237469,97.53
2026,122,222038,215848,97.21
2026,123,223320,216180,96.8
2026,124,260723,250535,96.09
2026,125,245638,238563,97.12
2026,126,215357,207071,96.15
2026,127,221427,211328,95.44
2026,128,240362,231860,96.46
2026,129,261761,253551,96.86
2026,130,257862,246059,95.42
2026,131,241891,231303,95.62
2026,132,274488,258107,94.03
2026,133,216699,207706,95.85
2026,134,267926,257773,96.21
2026,135,222142,213229,95.99
2026,136,227343,219107,96.38
2026,137,245159,237319,96.8
2026,138,238344,230686,96.79
2026,139,246698,241664,97.96
2026,140,233239,221031,94.77
2026,141,232718,222178,95.47
2026,142,217102,205362,94.59
2026,143,245251,232238,94.69
2026,144,236537,0,0.0
2026,145,256303,239370,93.39
2026,146,268346,250592,93.38
2026,147,261143,246393,94.35
2026,148,272748,267394,98.04
2026,149,265693,241206,90.78
2026,150,260915,231075,88.56
2026,151,273312,256444,93.83
2026,152,230098,205661,89.38
2026,153,259876,234687,90.31
2026,154,266349,238796,89.66
2026,155,243529,229791,94.36
2026,156,230052,218093,94.8
2026,157,189557,180068,94.99
2026,158,171825,154702,90.03
2026,159,160563,139413,86.83
2026,160,158586,138814,87.53
2026,161,188988,167384,88.57
2026,162,126715,110122,86.91
2026,163,179088,165207,92.25
2026,164,190746,174108,91.28
2026,165,122746,106847,87.05
2026,166,131890,116768,88.53
2026,167,165961,150722,90.82
2026,168,168019,150542,89.6
2026,169,133780,117838,88.08
2026,170,150110,133063,88.64
2026,171,214910,193459,90.02
2026,172,195103,181323,92.94
2026,173,240748,222054,92.24
2026,174,240335,229210,95.37
2026,175,248515,235163,94.63
2026,176,218601,208025,95.16
2026,177,214715,203466,94.76
2026,178,237104,226271,95.43
2026,179,259440,244669,94.31
2026,180,230726,218406,94.66
2026,181,257113,237001,92.18
2026,182,229303,213603,93.15
2026,183,270866,252515,93.23
2026,184,269344,254187,94.37
2026,185,228576,205454,89.88
2026,186,206216,186297,90.34
2026,187,222304,204415,91.95
2026,188,237516,222573,93.71
2026,189,203795,186909,91.71
2026,190,276244,255204,92.38
2026,191,240491,226031,93.99
2026,192,249215,233718,93.78
2026,193,210597,196584,93.35
2026,194,246622,227472,92.24
2026,195,251164,232291,92.49
2026,196,264434,245994,93.03
2026,197,262844,247691,94.23
2026,198,235634,221578,94.03
2026,199,259825,240924,92.73
2026,200,253519,235875,93.04
2026,201,248328,234321,94.36
2026,202,268692,237135,88.26
2026,203,274816,256930,93.49
2026,204,238674,220737,92.48
2026,205,279248,258432,92.55
2026,206,265481,246333,92.79
2026,207,264738,249316,94.17
2026,208,253752,238188,93.87
2026,209,252092,239446,94.98
2026,210,267174,252722,94.59
2026,211,256364,241957,94.38
2026,212,247529,232048,93.75
2026,213,263871,249421,94.52
2026,214,264293,247653,93.7
2026,215,248386,236328,95.15
2026,216,228412,212835,93.18
2026,217,269545,244842,90.84
2026,218,291907,269373,92.28
2026,219,236370,218374,92.39
2026,220,227076,207713,91.47
2026,221,228063,213383,93.56
2026,222,235603,220940,93.78
2026,223,238855,223842,93.71
2026,224,180764,161661,89.43
2026,225,239375,225543,94.22
2026,226,274846,257340,93.63
2026,227,256233,242754,94.74
2026,228,218527,208560,95.44
2026,229,232197,217323,93.59
2026,230,296256,252047,85.08
2026,231,276794,242025,87.44
2026,232,283081,264690,93.5
2026,233,233655,222049,95.03
2026,234,279613,266475,95.3
2026,235,268213,253963,94.69
2026,236,260610,244086,93.66
2026,237,221524,208079,93.93
2026,238,286171,266178,93.01
2026,239,235710,219946,93.31
2026,240,250978,230137,91.7
2026,241,254082,233203,91.78
2026,242,252313,230653,91.42
2026,243,255913,236467,92.4
2026,244,229972,211974,92.17
2026,245,236360,215946,91.36
2026,246,254449,234431,92.13
2026,247,233527,218491,93.56
2026,248,242884,221957,91.38
2026,249,255198,236828,92.8
2026,250,224609,210215,93.59
2026,251,236732,219936,92.91
2026,252,261565,239331,91.5
2026,253,252205,235362,93.32
2026,254,263110,246292,93.61
2026,255,220848,207478,93.95
2026,256,254394,240253,94.44
2026,257,245791,232394,94.55
2026,258,236292,221852,93.89
2026,259,233783,223246,95.49
2026,260,222117,204823,92.21
2026,261,246255,233245,94.72
2026,262,225551,214774,95.22
2026,263,216968,204165,94.1
2026,264,226568,213233,94.11
2026,265,239719,227492,94.9
2026,266,260510,247932,95.17
2026,267,226841,214694,94.65
2026,268,232857,220056,94.5
2026,269,239934,224880,93.73
2026,270,257343,239536,93.08
2026,271,234702,219183,93.39
2026,272,232205,219247,94.42
2026,273,236132,225886,95.66
2026,274,244138,232345,95.17
2026,275,188499,174712,92.69
2026,276,237454,214802,90.46
2026,277,238974,216774,90.71
2026,278,216243,196484,90.86
2026,279,196678,181594,92.33
2026,280,239405,215792,90.14
2026,281,237089,210607,88.83
2026,282,210912,190239,90.2
2026,283,202090,185274,91.68
2026,284,231802,220193,94.99
2026,285,252420,238504,94.49
2026,286,260376,246339,94.61
2026,287,269616,253119,93.88
2026,288,235224,223002,94.8
2026,289,252442,241175,95.54
2026,290,226302,213473,94.33
2026,291,245490,233723,95.21
2026,292,237652,226555,95.33
2026,293,232063,222519,95.89
2026,294,252203,242939,96.33
