year,ac_no,nota_votes,nota_pct
2021,1,2447,1.23
2021,2,1443,0.67
2021,3,1570,0.64
2021,4,1464,0.75
2021,5,2743,1.12
2021,6,1577,0.66
2021,7,1537,0.63
2021,8,1146,0.53
2021,9,2069,0.99
2021,10,2718,1.17
2021,11,2377,1.21
2021,12,1981,0.89
2021,13,1970,0.89
2021,14,2622,1.57
2021,15,1984,0.87
2021,16,3095,1.31
2021,17,3381,1.5
2021,18,3175,1.47
2021,19,3379,1.3
2021,20,4699,2.2
2021,21,5454,2.85
2021,22,2160,1.39
2021,23,2540,1.51
2021,24,2417,1.38
2021,25,3912,1.63
2021,26,2074,1.16
2021,27,2575,1.24
2021,28,1531,0.75
2021,29,1976,1.16
2021,30,2016,1.25
2021,31,1186,0.68
2021,32,2449,1.15
2021,33,2160,0.97
2021,34,3007,1.25
2021,35,2468,1.53
2021,36,1240,0.64
2021,37,1598,0.87
2021,38,1125,0.66
2021,39,1830,1.2
2021,40,1703,0.91
2021,41,1149,0.61
2021,42,1823,0.97
2021,43,2162,1.09
2021,44,1736,0.78
2021,45,1023,0.51
2021,46,1012,0.5
2021,47,2034,1.1
2021,48,2051,0.94
2021,49,1367,0.66
2021,50,2818,1.36
2021,51,3196,1.48
2021,52,2139,1.31
2021,53,1527,0.74
2021,54,1705,0.82
2021,55,1638,0.88
2021,56,3064,1.62
2021,57,2724,1.26
2021,58,4557,2.3
2021,59,2938,1.54
2021,60,1705,0.91
2021,61,1394,0.73
2021,62,3396,1.5
2021,63,2774,1.25
2021,64,2904,1.27
2021,65,2629,1.26
2021,66,1685,0.91
2021,67,2008,1.14
2021,68,3131,1.68
2021,69,2444,1.29
2021,70,1560,0.74
2021,71,1368,0.67
2021,72,2525,1.28
2021,73,1117,0.52
2021,74,1308,0.65
2021,75,2419,1.07
2021,76,2551,1.15
2021,77,1328,0.6
2021,78,1736,0.8
2021,79,1654,0.81
2021,80,2051,0.98
2021,81,1146,0.55
2021,82,2023,0.95
2021,83,1851,0.92
2021,84,2344,1.11
2021,85,2165,1.11
2021,86,2385,1.09
2021,87,2258,1.01
2021,88,2099,0.9
2021,89,2359,1.1
2021,90,1577,0.65
2021,91,1487,0.7
2021,92,2577,1.17
2021,93,1427,0.68
2021,94,1020,0.47
2021,95,1833,0.89
2021,96,1542,0.74
2021,97,1409,0.66
2021,98,1256,0.59
2021,99,1953,0.92
2021,100,1290,0.63
2021,101,1611,0.74
2021,102,2324,1.1
2021,103,1227,0.88
2021,104,1701,1.09
2021,105,1160,1.08
2021,106,2568,1.42
2021,107,2886,1.5
2021,108,1930,1.3
2021,109,2415,1.32
2021,110,2111,0.99
2021,111,2334,1.34
2021,112,1553,1.08
2021,113,2378,1.48
2021,114,2039,1.1
2021,115,2032,0.87
2021,116,2213,1.37
2021,117,2258,1.26
2021,118,3152,1.37
2021,119,2688,1.19
2021,120,2100,0.98
2021,121,2930,1.29
2021,122,3940,1.86
2021,123,2456,1.19
2021,124,1689,0.72
2021,125,1952,0.82
2021,126,1736,0.89
2021,127,1017,0.52
2021,128,1907,0.89
2021,129,1048,0.46
2021,130,1214,0.52
2021,131,1023,0.47
2021,132,1025,0.43
2021,133,1685,0.87
2021,134,1462,0.61
2021,135,1822,0.91
2021,136,1164,0.58
2021,137,1855,0.82
2021,138,3032,1.39
2021,139,2267,0.97
2021,140,1536,0.73
2021,141,1480,0.72
2021,142,2286,1.18
2021,143,1449,0.64
2021,144,1185,0.57
2021,145,1377,0.58
2021,146,1863,0.78
2021,147,2550,1.1
2021,148,3243,1.34
2021,149,2476,1.11
2021,150,2730,1.27
2021,151,2114,0.88
2021,152,2310,1.17
2021,153,2835,1.28
2021,154,2433,1.05
2021,155,2049,0.93
2021,156,2735,1.26
2021,157,3008,1.53
2021,158,1360,0.89
2021,159,1570,1.23
2021,160,1662,1.34
2021,161,1317,0.87
2021,162,1212,1.09
2021,163,991,0.63
2021,164,1564,0.99
2021,165,1028,1.04
2021,166,1063,1.03
2021,167,1420,1.07
2021,168,1577,1.17
2021,169,1206,0.96
2021,170,1670,1.12
2021,171,2735,1.4
2021,172,1912,1.05
2021,173,2948,1.36
2021,174,1850,0.83
2021,175,2411,1.11
2021,176,2111,1.09
2021,177,1248,0.67
2021,178,1474,0.73
2021,179,1142,0.51
2021,180,1548,0.77
2021,181,1302,0.62
2021,182,1220,0.62
2021,183,2769,1.17
2021,184,2082,0.83
2021,185,3353,1.68
2021,186,2400,1.28
2021,187,3347,1.66
2021,188,2345,1.12
2021,189,3023,1.66
2021,190,4338,1.7
2021,191,3105,1.41
2021,192,2164,0.97
2021,193,3037,1.58
2021,194,2156,1.04
2021,195,3040,1.44
2021,196,3367,1.53
2021,197,2182,0.93
2021,198,2752,1.34
2021,199,2788,1.25
2021,200,3171,1.44
2021,201,2482,1.13
2021,202,3278,1.5
2021,203,1136,0.48
2021,204,1183,0.6
2021,205,1337,0.57
2021,206,1335,0.59
2021,207,1473,0.65
2021,208,1765,0.8
2021,209,1413,0.64
2021,210,1090,0.48
2021,211,736,0.33
2021,212,861,0.41
2021,213,1492,0.65
2021,214,1019,0.46
2021,215,1136,0.53
2021,216,870,0.45
2021,217,1233,0.56
2021,218,1393,0.58
2021,219,1250,0.63
2021,220,3086,1.6
2021,221,2791,1.4
2021,222,3636,1.8
2021,223,2570,1.21
2021,224,2643,1.54
2021,225,1756,0.81
2021,226,1534,0.65
2021,227,2073,0.91
2021,228,2314,1.16
2021,229,1353,0.66
2021,230,1368,0.61
2021,231,1305,0.58
2021,232,2906,1.17
2021,233,2719,1.31
2021,234,1965,0.79
2021,235,3298,1.43
2021,236,3928,1.64
2021,237,3305,1.75
2021,238,2954,1.23
2021,239,2441,1.23
2021,240,2386,1.16
2021,241,2956,1.46
2021,242,2588,1.25
2021,243,2291,1.07
2021,244,2401,1.23
2021,245,3657,1.88
2021,246,3557,1.66
2021,247,3363,1.66
2021,248,3514,1.79
2021,249,4226,2.0
2021,250,2986,1.54
2021,251,3518,1.73
2021,252,4507,2.07
2021,253,4903,2.23
2021,254,4879,2.16
2021,255,3419,1.79
2021,256,1856,0.83
2021,257,3182,1.46
2021,258,2076,1.0
2021,259,1944,0.89
2021,260,3707,1.81
2021,261,1563,0.68
2021,262,2865,1.39
2021,263,1611,0.77
2021,264,2507,1.2
2021,265,1673,0.76
2021,266,2396,0.99
2021,267,4346,2.03
2021,268,1562,0.73
2021,269,1350,0.64
2021,270,1780,0.79
2021,271,3620,1.68
2021,272,3826,1.76
2021,273,4039,1.86
2021,274,2254,1.01
2021,275,2735,1.66
2021,276,2628,1.36
2021,277,2624,1.33
2021,278,2006,1.1
2021,279,2353,1.41
2021,280,3466,1.78
2021,281,3348,1.74
2021,282,3553,2.03
2021,283,3039,1.8
2021,284,3157,1.54
2021,285,1835,0.84
2021,286,3337,1.45
2021,287,2149,0.91
2021,288,3057,1.44
2021,289,1742,0.79
2021,290,2803,1.41
2021,291,3381,1.56
2021,292,2420,1.15
2021,293,1900,0.91
2021,294,1509,0.69
2026,1,2126,0.97
2026,2,913,0.38
2026,3,1819,0.72
2026,4,1770,0.86
2026,5,1654,0.59
2026,6,1324,0.5
2026,7,1814,0.68
2026,8,1113,0.48
2026,9,1421,0.62
2026,10,2924,1.18
2026,11,1795,0.89
2026,12,2620,1.13
2026,13,1432,0.61
2026,14,1880,1.06
2026,15,1159,0.47
2026,16,2130,0.85
2026,17,2608,1.1
2026,18,1322,0.59
2026,19,1121,0.45
2026,20,3019,1.35
2026,21,2887,1.42
2026,22,2060,1.22
2026,23,2040,1.17
2026,24,1768,0.97
2026,25,1811,0.72
2026,26,1224,0.67
2026,27,2193,1.06
2026,28,1225,0.58
2026,29,2020,1.09
2026,30,934,0.51
2026,31,1724,0.87
2026,32,1647,0.75
2026,33,757,0.32
2026,34,2993,1.16
2026,35,1654,1.0
2026,36,699,0.34
2026,37,1584,0.79
2026,38,789,0.45
2026,39,1444,0.91
2026,40,1441,0.77
2026,41,1438,0.75
2026,42,1013,0.5
2026,43,2119,0.93
2026,44,1493,0.61
2026,45,781,0.33
2026,46,954,0.42
2026,47,1453,0.72
2026,48,1447,0.62
2026,49,1201,0.53
2026,50,2201,1.0
2026,51,1727,0.74
2026,52,1328,0.82
2026,53,952,0.42
2026,54,1789,0.8
2026,55,1783,1.02
2026,56,1654,1.06
2026,57,1735,0.79
2026,58,1143,0.54
2026,59,1953,1.0
2026,60,1938,0.93
2026,61,1044,0.58
2026,62,1085,0.5
2026,63,2240,0.94
2026,64,1442,0.61
2026,65,1883,0.85
2026,66,1879,0.92
2026,67,2500,1.32
2026,68,2932,1.47
2026,69,1620,0.76
2026,70,1634,0.68
2026,71,1779,0.78
2026,72,1359,0.61
2026,73,1300,0.55
2026,74,1118,0.5
2026,75,1207,0.47
2026,76,1345,0.53
2026,77,1140,0.47
2026,78,922,0.39
2026,79,2048,0.95
2026,80,2105,0.96
2026,81,1873,0.91
2026,82,1550,0.74
2026,83,1192,0.59
2026,84,1016,0.47
2026,85,1119,0.57
2026,86,930,0.43
2026,87,1842,0.85
2026,88,923,0.4
2026,89,1779,0.84
2026,90,1223,0.53
2026,91,1110,0.53
2026,92,1939,0.9
2026,93,1575,0.74
2026,94,718,0.33
2026,95,1500,0.71
2026,96,932,0.44
2026,97,994,0.48
2026,98,1230,0.56
2026,99,1387,0.61
2026,100,988,0.5
2026,101,1161,0.53
2026,102,1569,0.73
2026,103,731,0.5
2026,104,1187,0.75
2026,105,939,0.88
2026,106,972,0.53
2026,107,1372,0.7
2026,108,1197,0.77
2026,109,1316,0.67
2026,110,1475,0.66
2026,111,1045,0.6
2026,112,1145,0.77
2026,113,1197,0.71
2026,114,1459,0.74
2026,115,1792,0.71
2026,116,1382,0.78
2026,117,1568,0.8
2026,118,1474,0.63
2026,119,1543,0.65
2026,120,2318,0.99
2026,121,2837,1.19
2026,122,2616,1.21
2026,123,2192,1.01
2026,124,1327,0.53
2026,125,1684,0.71
2026,126,1660,0.8
2026,127,2221,1.05
2026,128,1402,0.6
2026,129,1470,0.58
2026,130,1044,0.42
2026,131,1165,0.5
2026,132,600,0.23
2026,133,1378,0.66
2026,134,1152,0.45
2026,135,1036,0.49
2026,136,903,0.41
2026,137,1683,0.71
2026,138,2368,1.03
2026,139,1624,0.67
2026,140,1110,0.5
2026,141,858,0.39
2026,142,1130,0.55
2026,143,1379,0.59
2026,144,0,0.0
2026,145,1654,0.69
2026,146,1668,0.67
2026,147,1950,0.79
2026,148,1595,0.6
2026,149,1902,0.79
2026,150,1976,0.86
2026,151,1599,0.62
2026,152,1501,0.73
2026,153,1635,0.7
2026,154,1484,0.62
2026,155,1273,0.55
2026,156,1993,0.91
2026,157,1685,0.94
2026,158,573,0.37
2026,159,829,0.59
2026,160,1296,0.93
2026,161,819,0.49
2026,162,832,0.76
2026,163,692,0.42
2026,164,1568,0.9
2026,165,672,0.63
2026,166,942,0.81
2026,167,1058,0.7
2026,168,1250,0.83
2026,169,924,0.78
2026,170,848,0.64
2026,171,1110,0.57
2026,172,1300,0.72
2026,173,1574,0.71
2026,174,1769,0.77
2026,175,1739,0.74
2026,176,1251,0.6
2026,177,1091,0.54
2026,178,1446,0.64
2026,179,1093,0.45
2026,180,2048,0.94
2026,181,1855,0.78
2026,182,1022,0.48
2026,183,2199,0.87
2026,184,1183,0.47
2026,185,1722,0.84
2026,186,1817,0.98
2026,187,2027,0.99
2026,188,1890,0.85
2026,189,2016,1.08
2026,190,3015,1.18
2026,191,1347,0.6
2026,192,1651,0.71
2026,193,1101,0.56
2026,194,1451,0.64
2026,195,2388,1.03
2026,196,1747,0.71
2026,197,2896,1.17
2026,198,1485,0.67
2026,199,2779,1.15
2026,200,1606,0.68
2026,201,2421,1.03
2026,202,1695,0.71
2026,203,1583,0.62
2026,204,1396,0.63
2026,205,1262,0.49
2026,206,1061,0.43
2026,207,1198,0.48
2026,208,843,0.35
2026,209,1066,0.45
2026,210,919,0.36
2026,211,617,0.26
2026,212,836,0.36
2026,213,1467,0.59
2026,214,701,0.28
2026,215,601,0.25
2026,216,1288,0.61
2026,217,1277,0.52
2026,218,722,0.27
2026,219,1211,0.55
2026,220,2890,1.39
2026,221,2532,1.19
2026,222,2262,1.02
2026,223,1338,0.6
2026,224,1290,0.8
2026,225,1651,0.73
2026,226,1305,0.51
2026,227,2173,0.9
2026,228,1535,0.74
2026,229,1087,0.5
2026,230,1711,0.68
2026,231,1308,0.54
2026,232,1795,0.68
2026,233,2455,1.11
2026,234,1921,0.72
2026,235,1553,0.61
2026,236,1628,0.67
2026,237,2679,1.29
2026,238,2780,1.04
2026,239,2374,1.08
2026,240,2437,1.06
2026,241,3239,1.39
2026,242,1728,0.75
2026,243,2111,0.89
2026,244,2797,1.32
2026,245,2788,1.29
2026,246,3201,1.37
2026,247,2771,1.27
2026,248,2588,1.17
2026,249,3884,1.64
2026,250,1829,0.87
2026,251,1699,0.77
2026,252,3533,1.48
2026,253,2686,1.14
2026,254,3963,1.61
2026,255,2180,1.05
2026,256,1662,0.69
2026,257,1582,0.68
2026,258,2061,0.93
2026,259,1271,0.57
2026,260,2364,1.15
2026,261,1442,0.62
2026,262,1798,0.84
2026,263,1360,0.67
2026,264,1333,0.63
2026,265,1229,0.54
2026,266,3771,1.52
2026,267,3252,1.51
2026,268,1923,0.87
2026,269,1188,0.53
2026,270,1486,0.62
2026,271,4034,1.84
2026,272,3423,1.56
2026,273,2425,1.07
2026,274,2780,1.2
2026,275,1289,0.74
2026,276,2594,1.21
2026,277,2947,1.36
2026,278,2452,1.25
2026,279,1701,0.94
2026,280,2857,1.32
2026,281,2755,1.31
2026,282,2539,1.33
2026,283,2765,1.49
2026,284,2487,1.13
2026,285,1832,0.77
2026,286,3554,1.44
2026,287,1865,0.74
2026,288,3145,1.41
2026,289,1551,0.64
2026,290,2456,1.15
2026,291,3163,1.35
2026,292,1153,0.51
2026,293,1533,0.69
2026,294,1166,0.48
