year,ac_no,winner,winner_party,gender,age,category,winner_votes,runner_up,runner_up_party,runner_up_votes,win_margin,margin_pct_polled,margin_pct_electors,votes_polled,total_electors,turnout_pct
2021,1,ADHIKARY PARESH CHANDRA,TMC,MALE,68.0,SC,99338,DADHIRAM RAY,BJP,84653,14685,7.39,6.48,198744,226465,87.76
2021,2,Sushil Barman,BJP,MALE,55.0,SC,113249,Girindra Nath Barman,TMC,87115,26134,12.2,10.54,214203,248022,86.36
2021,3,SUKUMAR ROY,BJP,MALE,52.0,SC,120483,BINAY KRISHNA BARMAN,TMC,105868,14615,5.99,5.16,243916,282988,86.19
2021,4,Nikhil Ranjan Dey,BJP,MALE,63.0,GENERAL,91560,Avijit De Bhowmik,TMC,86629,4931,2.52,2.11,195505,233839,83.61
2021,5,Baren Chandra Barman,BJP,MALE,47.0,SC,124955,Partha Pratim Ray,TMC,107140,17815,7.24,6.25,245966,285260,86.23
2021,6,JAGADISH CHANDRA BARMA BASUNIA,TMC,MALE,57.0,SC,117908,DIPAK KUMAR ROY,BJP,107796,10112,4.24,3.48,238578,290568,82.11
2021,7,NISITH PRAMANIK,BJP,MALE,35.0,SC,116035,UDAYAN GUHA,TMC,115978,57,0.02,0.02,243751,299251,81.45
2021,8,Mihir Goswami,BJP,MALE,67.0,GENERAL,111743,Rabindra Nath Ghosh,TMC,88303,23440,10.79,9.57,217173,245040,88.63
2021,9,Malati Rava Roy,BJP,FEMALE,56.0,SC,114503,Pranab Kumar Dey,TMC,83305,31198,14.9,13.31,209378,234311,89.36
2021,10,MANOJ KUMAR ORAON,BJP,MALE,41.0,ST,111974,LEOS KUJUR (URAO),TMC,100973,11001,4.73,4.03,232489,272924,85.18
2021,11,BISHAL LAMA,BJP,MALE,39.0,ST,103104,PASSANG LAMA,TMC,74528,28576,14.59,11.55,195815,247425,79.14
2021,12,SUMAN KANJILAL,BJP,MALE,50.0,GENERAL,107333,SOURAV CHAKRABORTY (GHUTIS),TMC,91326,16007,7.19,6.14,222732,260652,85.45
2021,13,DIPAK BARMAN,BJP,MALE,46.0,SC,102993,SUBHASH CHANDRA ROY,TMC,99003,3990,1.81,1.57,220500,254554,86.62
2021,14,MANOJ TIGGA,BJP,MALE,48.0,ST,90718,RAJESH LAKRA,TMC,61033,29685,17.78,13.96,166920,212651,78.49
2021,15,BISHNU PADA RAY,BJP,MALE,58.0,SC,104688,MITALI ROY,TMC,100333,4355,1.9,1.66,229323,263118,87.16
2021,16,Kaushik Roy,BJP,MALE,37.0,SC,115306,Manoj Roy,TMC,103395,11911,5.05,4.51,236093,264265,89.34
2021,17,DR. PRADIP KUMAR BARMA,TMC,MALE,66.0,SC,95668,SOUJIT SINGHA (PIKU),BJP,94727,941,0.42,0.36,225933,262500,86.07
2021,18,KHAGESWAR ROY,TMC,MALE,69.0,SC,104641,SUPEN ROY,BJP,88868,15773,7.31,6.46,215755,244163,88.37
2021,19,Sikha Chatterjee,BJP,FEMALE,68.0,GENERAL,129088,Goutam Deb,TMC,101495,27593,10.65,8.89,258969,310354,83.44
2021,20,BULU CHIK BARAIK,TMC,MALE,61.0,ST,99086,MAHESH BAGEY,BJP,93621,5465,2.56,2.14,213255,255570,83.44
2021,21,PUNA BHENGRA,BJP,MALE,46.0,ST,94722,JOSEPH MUNDA,TMC,71247,23475,12.28,9.89,191169,237305,80.56
2021,22,RUDEN SADA LEPCHA,IND,MALE,51.0,ST,58206,SUVA PRADHAN,BJP,54336,3870,2.5,1.83,154863,211896,73.08
2021,23,NEERAJ TAMANG ZIMBA,BJP,MALE,39.0,ST,68907,KESHAV RAJ SHARMA,IND,47631,21276,12.62,8.63,168575,246663,68.34
2021,24,Bishnu Prasad Sharma (alias B.P. Bajgain),BJP,MALE,52.0,GENERAL,73475,Tshering Lama,IND,57960,15515,8.84,6.56,175545,236477,74.23
2021,25,Anandamay Barman,BJP,MALE,38.0,SC,139785,Rajen Sundas,TMC,68937,70848,29.45,24.64,240591,287565,83.66
2021,26,Sankar Ghosh,BJP,MALE,48.0,GENERAL,89370,Dr. Omprakash Mishra,TMC,53784,35586,19.92,15.58,178650,228406,78.22
2021,27,Durga Murmu,BJP,MALE,42.0,ST,105651,Chhotan Kisku,TMC,77940,27711,13.35,11.52,207590,240496,86.32
2021,28,HAMIDUL RAHAMAN,TMC,MALE,61.0,GENERAL,124923,MD. SHAHIN AKHTER,BJP,60018,64905,31.8,26.2,204110,247764,82.38
2021,29,ABDUL KARIM CHOWDHARY,TMC,MALE,74.0,GENERAL,100131,SAUMYAROOP MANDAL,BJP,62691,37440,22.03,17.04,169974,219728,77.36
2021,30,MD. GHULAM RABBANI,TMC,MALE,51.0,GENERAL,105649,MD. GHULAM SARWAR,BJP,32135,73514,45.51,32.73,161535,224633,71.91
2021,31,AZAD MINHAJUL ARFIN,TMC,MALE,49.0,GENERAL,86311,SACHIN PRASAD,BJP,52474,33837,19.51,14.5,173400,233378,74.3
2021,32,GOUTAM PAUL,TMC,MALE,42.0,GENERAL,116594,SUBHAS CHANDRA SINHA S/O: HARANARAYAN SINHA,BJP,79968,36626,17.18,13.95,213136,262583,81.17
2021,33,SATYAJIT BARMAN,TMC,MALE,40.0,SC,116425,CHANDIMA ROY,BJP,89210,27215,12.19,10.26,223301,265318,84.16
2021,34,SOUMEN ROY,BJP,MALE,45.0,SC,116768,TAPAN DEB SINGHA,TMC,94948,21820,9.1,7.72,239726,282575,84.84
2021,35,KRISHNA KALYANI,BJP,MALE,42.0,GENERAL,79775,AGARWAL KANAIA LAL,TMC,59027,20748,12.86,10.44,161347,198780,81.17
2021,36,MOSARAF HUSSEN,TMC,MALE,40.0,GENERAL,114645,AMIT KUMAR KUNDU,BJP,70670,43975,22.67,19.17,193986,229362,84.58
2021,37,REKHA ROY,TMC,FEMALE,34.0,SC,89968,RANJIT KUMAR ROY,BJP,77384,12584,6.84,5.72,184075,219921,83.7
2021,38,TORAF HOSSAIN MANDAL,TMC,MALE,61.0,GENERAL,89763,Manas Sarkar,BJP,60396,29367,17.18,14.4,170928,203986,83.79
2021,39,Ashok Kumar Lahiri,BJP,MALE,69.0,GENERAL,72129,Sekhar Dasgupta,TMC,58693,13436,8.83,7.45,152092,180390,84.31
2021,40,BUDHRAI TUDU,BJP,MALE,48.0,ST,84381,KALPANA KISKU,TMC,82731,1650,0.89,0.75,186309,220236,84.6
2021,41,SATYENDRA NATH RAY,BJP,MALE,64.0,SC,88724,GOUTAM DAS,TMC,84132,4592,2.42,2.05,189482,224040,84.58
2021,42,BIPLAB MITRA,TMC,MALE,69.0,GENERAL,96131,NILANJAN ROY,BJP,73459,22672,12.08,9.94,187642,228189,82.23
2021,43,JOYEL MURMU,BJP,MALE,37.0,ST,94075,PRODIP BASKEY,TMC,74558,19517,9.86,7.82,197989,249557,79.34
2021,44,CHINMOY DEB BARMAN,BJP,MALE,37.0,SC,100655,BASANTI BARMAN,TMC,98857,1798,0.81,0.67,221214,267096,82.82
2021,45,Nihar Ranjan Ghosh,TMC,MALE,66.0,GENERAL,115966,Dipankar Ram (Bankat),BJP,48628,67338,33.72,27.0,199679,249402,80.06
2021,46,TAJMUL HOSSAIN,TMC,MALE,63.0,GENERAL,122527,MD. MATIBUR RAHAMAN,BJP,45054,77473,38.14,30.68,203153,252487,80.46
2021,47,ABDUR RAHIM BOXI,TMC,MALE,57.0,GENERAL,126157,MOUSUMI DAS,BJP,34208,91949,49.57,39.65,185484,231907,79.98
2021,48,Samar Mukherjee,TMC,MALE,79.0,GENERAL,130674,Abishek Singhania,BJP,55024,75650,34.52,26.78,219148,282451,77.59
2021,49,SABITRI MITRA,TMC,FEMALE,60.0,GENERAL,110234,GOUR CHANDRA MANDAL,BJP,76356,33878,16.37,13.37,206991,253353,81.7
2021,50,Gopal Chandra Saha,BJP,MALE,44.0,SC,93398,Ujjwal Kumar Chowdhury,TMC,77942,15456,7.49,6.28,206489,245962,83.95
2021,51,SREERUPA MITRA CHAUDHURY(NIRBHOY DIDI),BJP,FEMALE,56.0,GENERAL,107755,KRISHNENDU NARAYAN CHOUDHURY,TMC,87656,20099,9.32,7.3,215675,275296,78.34
2021,52,YEASMIN SABINA,TMC,FEMALE,43.0,GENERAL,97397,SHYAMCHAND GHOSH,BJP,40824,56573,34.68,28.82,163143,196324,83.1
2021,53,Md Abdul Ghani,TMC,MALE,71.0,GENERAL,152445,Isha Khan Choudhury,INC,22282,130163,62.7,51.82,207591,251186,82.64
2021,54,CHANDANA SARKAR,TMC,FEMALE,40.0,GENERAL,83061,SWADHIN KUMAR SARKAR,BJP,80590,2471,1.18,1.0,208652,246956,84.49
2021,55,MANIRUL ISLAM,TMC,MALE,45.0,GENERAL,102319,GHOSH HEMANTA,BJP,42374,59945,32.16,26.34,186424,227549,81.93
2021,56,Amirul Islam,TMC,MALE,49.0,GENERAL,96417,Zaidur Rahaman,INC,70038,26379,13.99,11.2,188582,235576,80.05
2021,57,EMANI BISWAS,TMC,MALE,46.0,GENERAL,127351,KOUSHIK DAS,BJP,56650,70701,32.68,26.64,216328,265418,81.5
2021,58,JAKIR HOSSAIN,TMC,MALE,48.0,GENERAL,136444,SUJIT DAS,BJP,43964,92480,46.65,36.26,198263,255064,77.73
2021,59,Akhruzzaman,TMC,MALE,56.0,GENERAL,126834,Golam Modaswer,BJP,28521,98313,51.61,39.39,190478,249559,76.33
2021,60,SUBRATA SAHA,TMC,MALE,71.0,GENERAL,95189,KHATUN MAFUJA,BJP,44983,50206,26.87,21.19,186816,236885,78.86
2021,61,ALI MOHAMMAD,TMC,MALE,57.0,GENERAL,107860,ABU HENA,INC,47153,60707,31.88,25.9,190438,234381,81.25
2021,62,IDRIS ALI,TMC,MALE,70.0,GENERAL,153795,MD. KAMAL HOSSAIN,CPI(M),47787,106008,46.91,40.19,225990,263765,85.68
2021,63,ABDUL SOUMIK HOSSAIN,TMC,MALE,38.0,GENERAL,134957,FIROZA BEGAM,INC,55255,79702,35.9,31.12,222016,256101,86.69
2021,64,GOURI SANKAR GHOSH,BJP,MALE,48.0,GENERAL,95967,SHAONI SINGHA ROY,TMC,93476,2491,1.09,0.93,229231,268221,85.46
2021,65,KANAI CHANDRA MONDAL,TMC,MALE,67.0,SC,100455,MOHAN HALDER,BJP,64922,35533,17.04,14.14,208516,251378,82.95
2021,66,ASHIS MARJIT,TMC,MALE,48.0,SC,93255,ADITYA MOULIK,BJP,60682,32573,17.52,14.23,185936,228923,81.22
2021,67,JIBAN KRISHNA SAHA,TMC,MALE,44.0,SC,81890,AMIYA KUMAR DAS,BJP,79141,2749,1.55,1.26,176803,217500,81.29
2021,68,APURBA SARKAR (DAVID),TMC,MALE,57.0,GENERAL,95399,GOUTAM ROY,BJP,57319,38080,20.42,15.93,186481,238973,78.03
2021,69,HUMAYUN KABIR,TMC,MALE,61.0,GENERAL,96226,IMAN KALYAN MUKHERJEE,BJP,53143,43083,22.79,17.69,189047,243603,77.6
2021,70,RABIUL ALAM CHOWDHURY,TMC,MALE,61.0,GENERAL,118494,ARABINDA BISWAS,BJP,50226,68268,32.44,26.28,210445,259771,81.01
2021,71,HASANUZZAMAN SK,TMC,MALE,47.0,GENERAL,112862,SUMIT GHOSH,BJP,59030,53832,26.32,21.28,204511,252944,80.85
2021,72,Subrata Maitra (Kanchan),BJP,MALE,54.0,GENERAL,89340,Naru Gopal Mukherjee,TMC,62488,26852,13.59,10.3,197607,260667,75.81
2021,73,NIAMOT SHEIKH,TMC,MALE,70.0,GENERAL,102660,MIR ALAMGIR (PALASH),INC,88594,14066,6.51,5.69,216075,247421,87.33
2021,74,SAHINA MOMTAZ KHAN,TMC,FEMALE,55.0,GENERAL,117684,ANUPAM MANDAL,BJP,43531,74153,36.65,29.94,202349,247688,81.7
2021,75,JAFIKUL ISLAM,TMC,MALE,45.0,GENERAL,127671,MD. MOSTAFIJUR RAHAMAN (RANA),CPI(M),80442,47229,20.88,17.74,226183,266283,84.94
2021,76,ABDUR RAZZAK,TMC,MALE,63.0,GENERAL,123840,SAIFUL ISLAM MOLLA,CPI(M),44564,79276,35.68,30.34,222167,261258,85.04
2021,77,Bimalendu Sinha Roy,TMC,MALE,63.0,GENERAL,110911,Samarendranath Ghosh,BJP,87336,23575,10.64,9.39,221506,251039,88.24
2021,78,Tapas Kumar Saha,TMC,MALE,61.0,GENERAL,97848,Ashutosh Paul,BJP,90933,6915,3.17,2.74,218109,252454,86.4
2021,79,Dr. Manik Bhattacharya,TMC,MALE,66.0,GENERAL,110274,Bibhash Chandra Mandal,BJP,58938,51336,25.24,20.96,203385,244867,83.06
2021,80,NASIRUDDIN AHAMED (LAL),TMC,MALE,67.0,GENERAL,111696,ABHIJIT GHOSH,BJP,64709,46987,22.44,18.92,209379,248358,84.31
2021,81,Kallol Khan,TMC,MALE,67.0,GENERAL,104812,Santanu Dey,BJP,83541,21271,10.15,8.59,209570,247691,84.61
2021,82,RUKBANUR RAHMAN,TMC,MALE,52.0,GENERAL,73866,JEBER SEKH,IND,61748,12118,5.68,4.89,213175,248014,85.95
2021,83,MUKUL ROY,BJP,MALE,67.0,GENERAL,109357,KOUSHANI MUKHERJEE,TMC,74268,35089,17.39,14.73,201805,238220,84.71
2021,84,PUNDARIKAKSHYA SAHA,TMC,MALE,66.0,GENERAL,102170,SIDHARTHA SHANKAR NASKAR,BJP,83599,18571,8.82,7.64,210589,243159,86.61
2021,85,UJJAL BISWAS,TMC,MALE,67.0,GENERAL,91738,MAHADEV SARKAR,BJP,82433,9305,4.76,4.13,195685,225118,86.93
2021,86,JAGANNATH SARKAR,BJP,MALE,58.0,SC,109722,AJOY DEY,TMC,93844,15878,7.23,6.21,219692,255619,85.95
2021,87,PARTHASARATHI CHATTERJEE,BJP,MALE,67.0,GENERAL,113637,SANKAR SINGHA,TMC,90509,23128,10.36,8.7,223193,265846,83.96
2021,88,ASHIS KUMAR BISWAS,BJP,MALE,54.0,SC,117668,DR. TAPAS MANDAL,TMC,96391,21277,9.17,7.77,231938,273728,84.73
2021,89,ASHIM BISWAS,BJP,MALE,45.0,SC,116786,SAMIR KUMAR PODDAR,TMC,85004,31782,14.8,12.0,214736,264929,81.05
2021,90,MUKUT MANI ADHIKARI,BJP,MALE,31.0,SC,119260,BARNALI DEY ROY,TMC,102745,16515,6.83,5.79,241687,285180,84.75
2021,91,Bankim Chandra Ghosh,BJP,MALE,62.0,GENERAL,99368,Subhankar Singha (Jishu),TMC,87688,11680,5.51,4.76,212064,245514,86.38
2021,92,AMBIKA ROY,BJP,MALE,48.0,SC,97026,ANIRUDDHA BISWAS,TMC,94820,2206,1.0,0.86,220338,257683,85.51
2021,93,ASIM KUMAR SARKAR,BJP,MALE,60.0,SC,97666,NILIMA NAG (MALLICK),TMC,82466,15200,7.21,6.32,210874,240606,87.64
2021,94,Biswajit Das,BJP,MALE,54.0,SC,108111,Paritosh Kumar Saha,TMC,98319,9792,4.48,3.53,218791,277464,78.85
2021,95,ASHOK KIRTANIA,BJP,MALE,47.0,SC,97761,SHYAMAL ROY,TMC,87273,10488,5.11,4.17,205175,251387,81.62
2021,96,SWAPAN MAJUMDER,BJP,MALE,39.0,SC,97828,ALO RANI SARKAR,TMC,95824,2004,0.96,0.81,207834,248278,83.71
2021,97,SUBRATA THAKUR,BJP,MALE,41.0,SC,100808,NAROTTAM BISWAS,TMC,91230,9578,4.49,3.8,213243,252053,84.6
2021,98,BINA MONDAL,TMC,FEMALE,45.0,SC,99784,BRINDABAN SARKAR,BJP,64984,34800,16.43,14.14,211804,246109,86.06
2021,99,ABDUR RAHIM QUAZI,TMC,MALE,53.0,GENERAL,109701,SUKALYAN BAIDYA,BJP,53257,56444,26.51,23.16,212883,243747,87.34
2021,100,JYOTI PRIYA MALLICK,TMC,MALE,63.0,GENERAL,90533,RAHUL (BISWAJIT) SINHA,BJP,86692,3841,1.88,1.58,204171,242425,84.22
2021,101,NARAYAN GOSWAMI,TMC,MALE,51.0,GENERAL,93587,TANUJA CHAKRABORTY,BJP,70055,23532,10.86,9.15,216724,257180,84.27
2021,102,RAFIQUR RAHAMAN,TMC,MALE,60.0,GENERAL,88935,JOYDEV MANNA,BJP,63455,25480,12.03,10.51,211742,242462,87.33
2021,103,SUBODH ADHIKARY,TMC,MALE,48.0,GENERAL,66625,SUBHRANSHU ROY,BJP,53278,13347,9.6,6.94,139096,192316,72.33
2021,104,PARTHA BHOWMICK,TMC,MALE,57.0,GENERAL,77753,PHALGUNI PATRA,BJP,58898,18855,12.05,9.72,156468,193930,80.68
2021,105,PAWAN KUMAR SINGH,BJP,MALE,33.0,GENERAL,57244,JITENDRA SHAW (JITU),TMC,43557,13687,12.77,8.89,107197,154037,69.59
2021,106,SOMENATH SHYAM ICHINI,TMC,MALE,50.0,GENERAL,87030,ARINDAM BHATTACHARYA,BJP,68666,18364,10.13,7.85,181287,233871,77.52
2021,107,MANJU BASU,TMC,FEMALE,68.0,GENERAL,94203,SUNIL SINGH,BJP,67493,26710,13.87,10.19,192634,262153,73.48
2021,108,RAJU CHAKRABORTY (RAJ),TMC,MALE,46.0,GENERAL,68887,CHANDRAMANI SHUKLA,BJP,59665,9222,6.22,4.28,148249,215356,68.84
2021,109,KAJAL SINHA,TMC,MALE,59.0,GENERAL,89807,SILBHADRA DATTA,BJP,61667,28140,15.36,12.1,183147,232619,78.73
2021,110,CHANDRIMA BHATTACHARYA,TMC,FEMALE,66.0,GENERAL,95465,DR. ARCHANA MAJUMDAR,BJP,66966,28499,13.37,10.44,213149,273015,78.07
2021,111,NIRMAL GHOSH,TMC,MALE,72.0,GENERAL,86495,SANMOY BANDYOPADHYAY,BJP,61318,25177,14.44,10.91,174356,230748,75.56
2021,112,MADAN MITRA,TMC,MALE,66.0,GENERAL,73845,Anindya Banerjee,BJP,38437,35408,24.54,17.96,144310,197103,73.22
2021,113,TAPAS ROY,TMC,MALE,65.0,GENERAL,85615,PARNO MITTRA,BJP,50468,35147,21.93,16.14,160259,217774,73.59
2021,114,BRATYA BASU,TMC,MALE,52.0,GENERAL,87999,BIMALSHANKAR NANDA,BJP,61268,26731,14.42,10.78,185334,247858,74.77
2021,115,TAPASH CHATTERJEE,TMC,MALE,59.0,GENERAL,127374,BHASKAR ROY S/O - DULAL ROY,BJP,70942,56432,24.02,19.52,234906,289075,81.26
2021,116,SUJIT BOSE S/O - LATE AJIT BOSE,TMC,MALE,58.0,GENERAL,75912,SABYA SACHI DUTTA S/O - LATE GOURI SANKAR DUTTA,BJP,67915,7997,4.94,3.29,162035,243360,66.58
2021,117,ADITI MUNSHI,TMC,FEMALE,32.0,GENERAL,87650,SAMIK BHATTACHARYA,BJP,62354,25296,14.15,9.83,178723,257447,69.42
2021,118,RATHIN GHOSH,TMC,MALE,63.0,GENERAL,112741,RAJASREE RAJBANSHI,BJP,64615,48126,20.89,17.67,230431,272397,84.59
2021,119,CHIRANJEET CHAKRABARTI,TMC,MALE,70.0,GENERAL,104431,SANKAR CHATTERJEE,BJP,80648,23783,10.54,8.51,225707,279592,80.73
2021,120,RAHIMA MONDAL,TMC,FEMALE,51.0,GENERAL,100105,KARIM ALI,RSSCMJP,67568,32537,15.18,13.41,214380,242652,88.35
2021,121,ISLAM SK NURUL (HAJI),TMC,MALE,57.0,GENERAL,130398,KUTUBUDDIN FATHE,RSSCMJP,49420,80978,35.61,31.24,227395,259206,87.73
2021,122,USHA RANI MONDAL,TMC,FEMALE,47.0,SC,109818,JAYANTA MONDAL,BJP,53988,55830,26.29,23.6,212352,236528,89.78
2021,123,SUKUMAR MAHATA,TMC,MALE,44.0,ST,112450,DR. BHASKAR SARDAR,BJP,72765,39685,19.28,16.63,205787,238633,86.24
2021,124,DR. SAPTARSHI BANERJEE,TMC,MALE,40.0,GENERAL,115873,TARAK NATH GHOSH,BJP,91405,24468,10.38,8.87,235737,275934,85.43
2021,125,RAFIKUL ISLAM MONDAL,TMC,MALE,61.0,GENERAL,137216,MD BAIJID AMIN,RSSCMJP,47865,89351,37.48,33.34,238426,268034,88.95
2021,126,DEBES MANDAL,TMC,MALE,56.0,SC,104706,NEMAI DAS,BJP,79790,24916,12.8,10.9,194681,228508,85.2
2021,127,JAYANTA NASKAR,TMC,MALE,73.0,SC,105723,BARUN PRAMANIK (CHITTA),BJP,82014,23709,12.11,10.29,195808,230348,85.01
2021,128,SHYAMAL MONDAL,TMC,MALE,56.0,SC,111453,RAMESH MAJHI,BJP,60811,50642,23.67,19.43,213910,260681,82.06
2021,129,Ganesh Chandra Mondal,TMC,MALE,40.0,SC,117238,Mintu Halder,BJP,70061,47177,20.75,17.77,227351,265561,85.61
2021,130,SAMIR KUMAR JANA,TMC,MALE,71.0,GENERAL,120181,ASIT KUMAR HALDAR,BJP,98047,22134,9.55,8.39,231786,263675,87.91
2021,131,MANTURAM PAKHIRA,TMC,MALE,57.0,GENERAL,114493,DIPANKAR JANA,BJP,89191,25302,11.52,10.21,219597,247826,88.61
2021,132,BANKIM CHANDRA HAZRA,TMC,MALE,71.0,GENERAL,129000,KAMILA BIKASH,BJP,99154,29846,12.48,10.86,239067,274715,87.02
2021,133,JOGARANJAN HALDER,TMC,MALE,67.0,GENERAL,96577,PRANAB KUMAR MALLIK,BJP,62759,33818,17.51,15.36,193130,220144,87.73
2021,134,ALOKE JALDATA,TMC,MALE,54.0,SC,115707,SANTANU BAPULI,BJP,80139,35568,14.9,13.0,238720,273558,87.26
2021,135,JOYDEB HALDER,TMC,MALE,45.0,SC,95834,DILIP KUMAR JATUA,BJP,72342,23492,11.78,10.25,199490,229129,87.06
2021,136,BISWANATH DAS,TMC,MALE,55.0,SC,104952,RABIN SARDAR,BJP,66269,38683,19.11,16.12,202431,239968,84.36
2021,137,BIVAS SARDAR (VOBO),TMC,MALE,45.0,SC,123243,CHANDAN MONDAL,BJP,73602,49641,22.05,18.73,225114,265091,84.92
2021,138,Paresh Ram Das,TMC,MALE,43.0,SC,111059,ARNAB ROY,BJP,75816,35243,16.14,13.68,218354,257681,84.74
2021,139,SAOKAT MOLLA,TMC,MALE,49.0,GENERAL,122301,GAZI SHAHABUDDIN SIRAJI,RSSCMJP,69294,53007,22.77,20.2,232766,262349,88.72
2021,140,BIMAN BANERJEE,TMC,MALE,72.0,GENERAL,121006,DEBOPAM CHATTOPADHYAYA(BABU),BJP,59096,61910,29.3,24.4,211293,253749,83.27
2021,141,NAMITA SAHA,TMC,FEMALE,68.0,SC,110945,CHANDAN KUMAR NASKAR,BJP,56866,54079,26.23,22.3,206153,242530,85.0
2021,142,GIAS UDDIN MOLLA,TMC,MALE,64.0,GENERAL,97006,DHURJATI SAHA (MANAS),BJP,50065,46941,24.16,20.46,194282,229437,84.68
2021,143,PANNALAL HALDER,TMC,MALE,70.0,GENERAL,98478,DIPAK KUMAR HALDER,BJP,81482,16996,7.54,6.66,225397,255132,88.35
2021,144,SANKAR KUMAR NASKAR,TMC,MALE,68.0,GENERAL,117179,BIDHAN PARUI,BJP,76405,40774,19.61,17.22,207932,236768,87.82
2021,145,MOHAN CHANDRA NASKAR,TMC,MALE,60.0,SC,118635,CHANDAN PAL,BJP,95317,23318,9.9,8.63,235546,270193,87.18
2021,146,DILIP MONDAL,TMC,MALE,54.0,SC,136509,AGNISWAR NASKAR,BJP,77677,58832,24.76,21.11,237570,278650,85.26
2021,147,ARUNDHUTI MAITRA (LOVELY),TMC,FEMALE,30.0,GENERAL,109222,ANJANA BASU,BJP,83041,26181,11.25,9.08,232807,288263,80.76
2021,148,MD. NAWSAD SIDDIQUE,RSSCMJP,MALE,28.0,GENERAL,109237,KARIM REZAUL,TMC,83086,26151,10.8,9.62,242185,271897,89.07
2021,149,AHMED JAVED KHAN,TMC,MALE,64.0,GENERAL,121372,DR. INDRANIL KHAN,BJP,57750,63622,28.51,20.77,223154,306266,72.86
2021,150,DEBABRATA MAJUMDAR (MALAY),TMC,MALE,56.0,GENERAL,98100,Dr. SUJAN CHAKRABORTY,CPI(M),59231,38869,18.04,12.96,215419,299818,71.85
2021,151,FIRDOUSI BEGUM,TMC,FEMALE,42.0,GENERAL,119957,RANJAN BAIDYA,BJP,83867,36090,15.01,12.02,240495,300330,80.08
2021,152,AROOP BISWAS,TMC,MALE,57.0,GENERAL,101440,BABUL SUPRIYO,BJP,51360,50080,25.37,18.57,197365,269713,73.18
2021,153,Ratna Chatterjee,TMC,FEMALE,49.0,GENERAL,110968,Payel Sarkar,BJP,73540,37428,16.87,12.14,221872,308285,71.97
2021,154,PARTHA CHATTERJEE,TMC,MALE,68.0,GENERAL,114778,SRABANTI CHATTERJEE,BJP,63894,50884,21.95,16.25,231816,313198,74.02
2021,155,DULAL CHANDRA DAS,TMC,MALE,76.0,GENERAL,124008,UMESH DAS,BJP,66059,57949,26.34,21.38,219969,271007,81.17
2021,156,ASHOK KUMAR DEB,TMC,MALE,71.0,GENERAL,122357,DR. TARUN KUMAR ADAK,BJP,77643,44714,20.62,17.46,216892,256136,84.68
2021,157,ABDUL KHALEQUE MOLLA,TMC,MALE,76.0,GENERAL,151066,RAMJIT PRASAD,BJP,31462,119604,60.84,46.66,196582,256315,76.7
2021,158,Firhad Hakim,TMC,MALE,62.0,GENERAL,105543,Awadh Kishore Gupta,BJP,36989,68554,44.97,29.06,152443,235933,64.61
2021,159,Sobhandeb Chattopadhyay,TMC,MALE,77.0,GENERAL,73505,Rudranil Ghosh,BJP,44786,28719,22.55,13.91,127376,206389,61.72
2021,160,DEBASISH KUMAR,TMC,MALE,61.0,GENERAL,65704,LT. GEN. (DR.) SUBRATA SAHA,BJP,44290,21414,17.21,10.39,124455,206013,60.41
2021,161,Subrata Mukherjee,TMC,MALE,74.0,GENERAL,106585,LOKENATH CHATTERJEE,BJP,31226,75359,49.92,30.43,150962,247662,60.95
2021,162,BANDYOPADHYAY NAYNA,TMC,FEMALE,52.0,GENERAL,70101,DEVDUTTA MAJI,BJP,24757,45344,40.67,21.78,111493,208201,53.55
2021,163,Swarna Kamal Saha,TMC,MALE,72.0,GENERAL,101709,Priyanka Tibrewal,BJP,43452,58257,37.14,25.24,156874,230814,67.97
2021,164,PARESH PAUL,TMC,MALE,75.0,GENERAL,103182,KASHINATH BISWAS,BJP,36042,67140,42.36,26.76,158506,250881,63.18
2021,165,VIVEK GUPTA,TMC,MALE,45.0,GENERAL,52123,MEENA DEVI PUROHIT,BJP,39380,12743,12.88,6.44,98955,197950,49.99
2021,166,Dr. SHASHI PANJA,TMC,FEMALE,58.0,GENERAL,55785,SANDIPAN BISWAS,BJP,33265,22520,21.87,12.76,102970,176557,58.32
2021,167,Sadhan Pande,TMC,MALE,70.0,GENERAL,67577,Kalyan Chaubey,BJP,47339,20238,15.22,9.58,132967,211308,62.93
2021,168,Atin Ghosh,TMC,MALE,62.0,GENERAL,76182,Sibaji Sinha Roy,BJP,40792,35390,26.24,15.82,134872,223714,60.29
2021,169,RANA CHATTERJEE,TMC,MALE,48.0,GENERAL,53347,BAISHALI DALMIYA,BJP,47110,6237,4.95,3.54,125873,176197,71.44
2021,170,GAUTAM CHOWDHURI,TMC,MALE,48.0,GENERAL,71575,UMESH RAI,BJP,66053,5522,3.69,2.53,149720,218547,68.51
2021,171,"Arup Roy, S/o Late Prabhat Roy",TMC,MALE,65.0,GENERAL,111554,Sanjay Singh,BJP,65007,46547,23.85,17.46,195144,266542,73.21
2021,172,Manoj Tiwary,TMC,MALE,35.0,GENERAL,92372,Rathin Chakrabarty,BJP,59769,32603,17.89,13.95,182219,233676,77.98
2021,173,NANDITA CHOWDHURY,TMC,FEMALE,60.0,GENERAL,116839,RANTIDEV SENGUPTA,BJP,66270,50569,23.31,17.19,216940,294243,73.73
2021,174,PRIYA PAUL,TMC,FEMALE,50.0,SC,111888,PROBHAKAR PANDIT,BJP,71461,40427,18.2,14.59,222127,277076,80.17
2021,175,GULSAN MULLICK,TMC,MALE,63.0,GENERAL,104572,MOHIT LAL GHANTI,BJP,71821,32751,15.09,12.3,217009,266183,81.53
2021,176,BIDESH RANJAN BOSE,TMC,MALE,67.0,GENERAL,86526,PRATYUSH MANDAL,BJP,69400,17126,8.87,7.33,193021,233764,82.57
2021,177,Dr. Nirmal Maji,TMC,MALE,60.0,SC,91501,CHIRAN BERA,BJP,70498,21003,11.31,9.36,185780,224423,82.78
2021,178,PULAK ROY,TMC,MALE,55.0,GENERAL,101880,PAPIA DEY (ADHIKARY),BJP,73442,28438,14.06,11.97,202266,237620,85.12
2021,179,KALIPADA MANDAL,TMC,MALE,76.0,GENERAL,114804,TNUSREE CHAKRABORTY,BJP,83293,31511,14.2,12.23,221889,257593,86.14
2021,180,Arunava Sen (Raja),TMC,MALE,45.0,GENERAL,106042,Anupam Mallik,BJP,75922,30120,15.06,13.03,199935,231216,86.47
2021,181,SUKANTA KUMAR PAUL,TMC,MALE,41.0,GENERAL,102445,DEBTANU BHATTACHARYA,BJP,76240,26205,12.55,10.01,208810,261881,79.73
2021,182,SAMIR KUMAR PANJA,TMC,MALE,55.0,GENERAL,101510,SUMIT RANJAN KARAR,BJP,87512,13998,7.06,5.94,198211,235467,84.18
2021,183,SITANATH GHOSH,TMC,MALE,67.0,GENERAL,116562,ANUPAM GHOSH,BJP,87366,29196,12.39,10.13,235721,288158,81.8
2021,184,KALYAN GHOSH,TMC,MALE,60.0,GENERAL,130499,RAJIB BANERJEE S/O- LATE DHANANJOY BANERJEE,BJP,87879,42620,16.98,14.24,250978,299250,83.87
2021,185,KANCHAN MULLICK,TMC,MALE,50.0,GENERAL,93878,PRABIR KUMAR GHOSAL,BJP,57889,35989,18.0,13.85,199894,259814,76.94
2021,186,DR. SUDIPTO ROY,TMC,MALE,72.0,GENERAL,93021,KABIR SHANKAR BOSE,BJP,69588,23433,12.46,9.27,188081,252758,74.41
2021,187,ARINDAM GUIN (BUBAI),TMC,MALE,44.0,GENERAL,100972,DILIP SINGH,BJP,70894,30078,14.95,11.42,201131,263372,76.37
2021,188,BECHARAM MANNA,TMC,MALE,50.0,GENERAL,101077,RABINDRANATH BHATTACHARYA,BJP,75154,25923,12.35,10.5,209938,246867,85.04
2021,189,INDRANIL SEN,TMC,MALE,55.0,GENERAL,86778,DEEPANJAN KUMAR GUHA,BJP,55749,31029,17.03,13.52,182178,229572,79.36
2021,190,Asit Mazumder (Tapan),TMC,MALE,63.0,GENERAL,117104,Locket Chatterjee,BJP,98687,18417,7.23,5.86,254737,314274,81.06
2021,191,MANORANJAN BAPARI,TMC,MALE,55.0,SC,100364,SUBHAS CHANDRA HALDAR,BJP,94580,5784,2.63,2.23,219957,258955,84.94
2021,192,Dr. Ratna De Nag,TMC,FEMALE,71.0,GENERAL,102874,Partha Sharma,BJP,71016,31858,14.24,11.78,223664,270503,82.68
2021,193,TAPAN DASGUPTA,TMC,MALE,65.0,GENERAL,93328,DEBABRATA BISWAS,BJP,83556,9772,5.08,4.16,192190,234840,81.84
2021,194,SWATI KHANDOKER,TMC,FEMALE,54.0,GENERAL,103118,DEBASHISH DASGUPTA(YASH D GUPTAA),BJP,61771,41347,19.96,15.71,207106,263257,78.67
2021,195,SNEHASIS CHAKRABORTY,TMC,MALE,51.0,GENERAL,101885,DEBJIT SARKAR,BJP,83959,17926,8.52,6.97,210411,257025,81.86
2021,196,Dr. Karabi Manna,TMC,FEMALE,46.0,GENERAL,110215,Samiran Mitra,BJP,87143,23072,10.45,8.56,220774,269649,81.87
2021,197,ASIMA PATRA,TMC,FEMALE,53.0,SC,124776,TUSAR KUMAR MAJUMDAR,BJP,94617,30159,12.9,11.11,233838,271518,86.12
2021,198,RAMENDU SINHARAY,TMC,MALE,54.0,GENERAL,96698,Dr. Swapan Dasgupta,BJP,89214,7484,3.63,3.12,205917,239820,85.86
2021,199,BIMAN GHOSH,BJP,MALE,36.0,GENERAL,119334,DILIP YADAV,TMC,91156,28178,12.63,10.84,223074,259988,85.8
2021,200,MADHUSUDAN BAG,BJP,MALE,49.0,SC,103108,SUJATA MONDAL,TMC,95936,7172,3.26,2.78,219960,257621,85.38
2021,201,BISWANATH KARAK,BJP,MALE,60.0,SC,102227,MANAS MAJUMDAR,TMC,98080,4147,1.89,1.68,219545,246570,89.04
2021,202,SUSANTA GHOSH,BJP,MALE,32.0,GENERAL,107403,MUNSI NAZBUL KARIM,TMC,94519,12884,5.91,4.65,217991,277259,78.62
2021,203,Saumen Kumar Mahapatra,TMC,MALE,65.0,GENERAL,108243,Hare Krishna Bera,BJP,107450,793,0.34,0.3,236031,266881,88.44
2021,204,Biplab Roy Chowdhury,TMC,MALE,74.0,GENERAL,91213,Debabrata Pattanayek,BJP,81553,9660,4.87,4.09,198400,236306,83.96
2021,205,PHIROJA BIBI,TMC,FEMALE,70.0,GENERAL,111705,SINTU SENAPATI,BJP,102816,8889,3.8,3.24,234141,274092,85.42
2021,206,Ashoke Dinda,BJP,MALE,35.0,GENERAL,108109,Sangram Kumar Dolai,TMC,106849,1260,0.56,0.49,224434,255164,87.96
2021,207,SUKUMAR DE,TMC,MALE,60.0,GENERAL,108181,ADHIKARY NILANJAN,BJP,102775,5406,2.38,2.13,227275,253829,89.54
2021,208,TILAK KUMAR CHAKRABORTY,TMC,MALE,55.0,GENERAL,101986,BISWANATH BANERJEE,BJP,99600,2386,1.09,0.97,219355,245266,89.44
2021,209,Tapasi Mondal,BJP,FEMALE,49.0,SC,104126,Swapan Naskar,TMC,89118,15008,6.8,5.98,220823,251051,87.96
2021,210,ADHIKARI SUVENDU,BJP,MALE,50.0,GENERAL,110764,Mamata Banerjee,TMC,108808,1956,0.86,0.76,228405,257999,88.53
2021,211,Soham Chakraborty,TMC,MALE,37.0,GENERAL,109770,Pulak Kanti Guria,BJP,96298,13472,6.11,5.48,220327,245775,89.65
2021,212,UTTAM BARIK,TMC,MALE,46.0,GENERAL,105299,AMBUJAKSHA MAHANTI,BJP,95305,9994,4.79,4.23,208827,236413,88.33
2021,213,SUMITA SINHA,BJP,FEMALE,53.0,GENERAL,113524,TARUN KUMAR JANA,TMC,104194,9330,4.08,3.62,228416,257427,88.73
2021,214,RABINDRANATH MAITY,BJP,MALE,50.0,GENERAL,121480,ARDHENDU MAITY,TMC,93931,27549,12.37,10.84,222650,254184,87.59
2021,215,SANTANU PRAMANIK,BJP,MALE,36.0,SC,110407,PARTHA PRATIM DAS,TMC,92442,17965,8.45,7.53,212621,238630,89.1
2021,216,ARUP KUMAR DAS,BJP,MALE,63.0,GENERAL,98477,JYOTIRMOY KAR,TMC,88184,10293,5.29,4.58,194681,224657,86.66
2021,217,AKHIL GIRI,TMC,MALE,62.0,GENERAL,112622,SWADESH RANJAN NAYAK,BJP,100105,12517,5.64,4.73,222060,264900,83.83
2021,218,TARUN KUMAR MAITY,TMC,MALE,53.0,GENERAL,125763,ARUP DASH,BJP,107272,18491,7.68,6.5,240817,284614,84.61
2021,219,BIKRAM CHANDRA PRADHAN,TMC,MALE,67.0,GENERAL,95209,Saktipada Nayak,BJP,94586,623,0.31,0.27,197798,233841,84.59
2021,220,DULAL MURMU,TMC,MALE,44.0,ST,100903,BAKUL MURMU,BJP,78149,22754,11.83,10.03,192354,226791,84.82
2021,221,Dr. Khagendra Nath Mahata,TMC,MALE,39.0,GENERAL,104115,Sanjit Mahata,BJP,80347,23768,11.94,10.5,199070,226417,87.92
2021,222,BIRBAHA HANSDA,TMC,FEMALE,38.0,ST,109493,SUKHAMAY SATPATHY (JAHAR),BJP,71253,38240,18.95,16.2,201797,236035,85.49
2021,223,PARESH MURMU,TMC,MALE,52.0,ST,106366,SONALI MURMU SOREN,BJP,91036,15330,7.21,6.42,212681,238835,89.05
2021,224,HIRANMOY CHATTOPADHYAYA,BJP,MALE,45.0,GENERAL,79607,PRADIP SARKAR,TMC,75836,3771,2.2,1.61,171385,234672,73.03
2021,225,ATTA SURJA KANTA,TMC,MALE,57.0,GENERAL,100894,RAMA PRASAD GIRI,BJP,98478,2416,1.11,0.99,217750,243832,89.3
2021,226,MANAS RANJAN BHUNIA,TMC,MALE,68.0,GENERAL,112098,AMULYA MAITY,BJP,102234,9864,4.18,3.73,236201,264783,89.21
2021,227,AJIT MAITY,TMC,MALE,66.0,GENERAL,112435,ANTARA BHATTACHARYYA,BJP,105779,6656,2.91,2.61,228669,255054,89.66
2021,228,DINEN ROY,TMC,MALE,65.0,GENERAL,109727,TAPAN BHUYA,BJP,73497,36230,18.11,15.95,200044,227081,88.09
2021,229,HUMAYUN KABIR,TMC,MALE,59.0,GENERAL,95850,BHARATI GHOSH,BJP,84624,11226,5.48,4.79,204866,234184,87.48
2021,230,MAMATA BHUNIA,TMC,FEMALE,59.0,GENERAL,114753,PRASANTA BERA,BJP,87911,26842,12.07,9.0,222464,298096,74.63
2021,231,SITAL KAPAT,BJP,MALE,31.0,SC,105812,SHANKAR DOLAI,TMC,104846,966,0.43,0.35,225375,279908,80.52
2021,232,ARUP DHARA,TMC,MALE,40.0,SC,121846,SIBARAM DAS,BJP,110565,11281,4.52,4.03,249315,279867,89.08
2021,233,Uttara Singha (Hazra),TMC,FEMALE,56.0,GENERAL,94928,Madan Ruidas,BJP,84356,10572,5.09,4.56,207681,232046,89.5
2021,234,Srikanta Mahata,TMC,MALE,45.0,GENERAL,126020,Rajib Kundu,BJP,93376,32644,13.1,11.79,249195,276940,89.98
2021,235,Seuli Saha,TMC,FEMALE,51.0,SC,116992,Pritish Ranjan Kuar,BJP,96272,20720,9.0,7.92,230232,261529,88.03
2021,236,June Maliah,TMC,FEMALE,51.0,GENERAL,121175,Samit Kumar Dash,BJP,96778,24397,10.21,8.71,238898,280060,85.3
2021,237,DEBNATH HANSDA,TMC,MALE,38.0,ST,100277,PALAN SAREN,BJP,60783,39494,20.92,17.63,188798,224036,84.27
2021,238,RAJIB LOCHAN SAREN,TMC,MALE,47.0,ST,113337,PARCY MURMU,BJP,94506,18831,7.81,6.61,241055,284840,84.63
2021,239,BANESWAR MAHATO,BJP,MALE,48.0,GENERAL,89521,SHANTIRAM MAHATO,TMC,89098,423,0.21,0.18,197965,238113,83.14
2021,240,Sushanta Mahato,TMC,MALE,39.0,GENERAL,75905,Ashutosh Mahato,AJSUP,61936,13969,6.77,5.6,206303,249613,82.65
2021,241,Nara Hari Mahato,BJP,MALE,65.0,GENERAL,74380,Phanibhushan Kumar,INC,62180,12200,6.02,4.89,202767,249621,81.23
2021,242,Sudip Kumar Mukherjee,BJP,MALE,51.0,GENERAL,89733,Sujoy Banerjee,TMC,82715,7018,3.39,2.71,206868,258947,79.89
2021,243,SANDHYARANI TUDU,TMC,FEMALE,50.0,ST,103298,GOURI SINGH SARDAR,BJP,87782,15516,7.26,6.12,213729,253708,84.24
2021,244,KAMALAKANTA HANSDA,BJP,MALE,46.0,ST,92938,SWAPAN KUMAR BELTHARIA,TMC,85551,7387,3.79,3.09,194892,238871,81.59
2021,245,NADIAR CHAND BOURI,BJP,MALE,43.0,SC,87347,UMAPADA BAURI,TMC,83340,4007,2.07,1.64,194021,243906,79.55
2021,246,Vivekananda Bauri,BJP,MALE,44.0,SC,95770,Bouri Hazari,TMC,90332,5438,2.53,2.1,214690,259434,82.75
2021,247,BAURI CHANDANA,BJP,FEMALE,30.0,SC,91648,SONTOSH KUMAR MONDAL,TMC,87503,4145,2.05,1.78,202413,232517,87.05
2021,248,SATYANARAYAN MUKHOPADHYAY,BJP,MALE,51.0,GENERAL,90233,SUBASISH BATABYAL,TMC,83069,7164,3.64,2.96,196836,242270,81.25
2021,249,Jyotsna Mandi,TMC,FEMALE,35.0,ST,90928,Kshudiram Tudu,BJP,86989,3939,1.87,1.55,211170,253359,83.35
2021,250,MRITYUNJOY MURMU,TMC,MALE,47.0,ST,101043,SUDHANSHU HANSDA,BJP,81645,19398,9.97,8.64,194476,224604,86.59
2021,251,ARUP CHAKRABORTY,TMC,MALE,65.0,GENERAL,92026,SHYAMAL KUMAR SARKAR (BENU),BJP,79649,12377,6.09,5.31,203186,233291,87.1
2021,252,NILADRI SEKHAR DANA,BJP,MALE,54.0,GENERAL,95466,SAYANTIKA BANERJEE,TMC,93998,1468,0.67,0.54,217986,269829,80.79
2021,253,ALOK MUKHERJEE,TMC,MALE,61.0,GENERAL,93290,SUPRITI CHATTERJEE,BJP,90021,3269,1.49,1.3,219452,250729,87.53
2021,254,AMARNATH SHAKHA,BJP,MALE,56.0,GENERAL,104940,ARUP KUMAR KHAN,TMC,93389,11551,5.12,4.5,225759,256906,87.88
2021,255,TANMAY GHOSH (BUMBA),BJP,MALE,41.0,GENERAL,89689,ARCHITA BID,TMC,78269,11420,5.96,5.21,191469,219284,87.32
2021,256,HARAKALI PROTIHER,BJP,MALE,40.0,SC,106022,SANGEETA MALIK,TMC,94237,11785,5.26,4.78,224123,246785,90.82
2021,257,NIRMAL KUMAR DHARA,BJP,MALE,39.0,SC,104936,RUNU METE,TMC,97716,7220,3.31,2.97,218453,242938,89.92
2021,258,DIBAKAR GHARAMI,BJP,MALE,43.0,SC,98161,DR. SHYAMAL SANTRA,TMC,87273,10888,5.24,4.67,207739,233059,89.14
2021,259,NABIN CHANDRA BAG,TMC,MALE,45.0,SC,104264,BIJAN MANDAL,BJP,83378,20886,9.59,8.6,217897,242730,89.77
2021,260,KHOKAN DAS,TMC,MALE,54.0,GENERAL,91015,SANDIP NANDI,BJP,82910,8105,3.95,3.14,205345,257940,79.61
2021,261,Shampa Dhara,TMC,FEMALE,29.0,SC,108752,Manik Roy,BJP,90547,18205,7.94,7.04,229166,258742,88.57
2021,262,ALOK KUMAR MAJHI,TMC,MALE,38.0,SC,96999,BALARAM BAPARI,BJP,79028,17971,8.69,7.62,206690,235973,87.59
2021,263,CHOWDHURY SIDDIQULLAH,TMC,MALE,71.0,GENERAL,105460,SAIKAT PANJA,BJP,73655,31805,15.22,13.13,209036,242229,86.3
2021,264,DEBOPRASAD BAG (POLTU),TMC,MALE,44.0,SC,96073,BISWAJIT KUNDU,BJP,88595,7478,3.58,3.1,208951,241471,86.53
2021,265,MADHUSUDAN BHATTACHARYA,TMC,MALE,71.0,GENERAL,104851,BHISMADEB BHATTACHARYA,BJP,81773,23078,10.55,9.08,218802,254236,86.06
2021,266,NISITH KUMAR MALIK,TMC,MALE,52.0,SC,111211,RADHA KANTA ROY,BJP,93943,17268,7.14,6.23,241925,277026,87.33
2021,267,ADHIKARI MANGOBINDA,TMC,MALE,66.0,GENERAL,108028,MAHENDRANATH KOWAR,BJP,76287,31741,14.82,12.87,214168,246694,86.82
2021,268,SWAPAN DEBNATH,TMC,MALE,70.0,GENERAL,105698,RAJIB KUMAR BHOWMICK,BJP,88288,17410,8.08,7.01,215353,248533,86.65
2021,269,TAPAN CHATTERJEE,TMC,MALE,66.0,GENERAL,92421,GOBARDHAN DAS,BJP,85715,6706,3.16,2.65,212343,252626,84.05
2021,270,Rabindranath Chatterjee,TMC,MALE,71.0,GENERAL,107894,Shyama Majumdar,BJP,98739,9155,4.08,3.42,224459,267738,83.84
2021,271,Sekh Sahonawez,TMC,MALE,62.0,GENERAL,100226,Anadi Ghosh (Mathura),BJP,87543,12683,5.89,4.91,215317,258310,83.36
2021,272,Apurba Chowdhury (Achal),TMC,MALE,55.0,GENERAL,107596,Rana Protap Goswami,BJP,85259,22337,10.28,8.9,217329,251003,86.58
2021,273,ABHEDANANDA THANDER,TMC,MALE,58.0,SC,100392,KALITA MAJI,BJP,88577,11815,5.44,4.78,217080,246956,87.9
2021,274,NEPAL GHORUI,TMC,MALE,43.0,SC,109504,BIKASH BISWAS,BJP,90242,19262,8.66,7.51,222538,256642,86.71
2021,275,NARENDRANATH CHAKRABORTY,TMC,MALE,57.0,GENERAL,73922,KUMAR JITENDRA TEWARI,BJP,70119,3803,2.31,1.79,164291,211960,77.51
2021,276,PRADIP MAZUMDAR,TMC,MALE,74.0,GENERAL,79303,COLONEL DIPTANSU CHAUDHURY,BJP,75557,3746,1.94,1.46,192674,256531,75.11
2021,277,LAKSHMAN CHANDRA GHORUI,BJP,MALE,49.0,GENERAL,91186,BISWANATH PARIAL,TMC,76522,14664,7.45,5.45,196902,269303,73.12
2021,278,TAPAS BANERJEE,TMC,MALE,67.0,GENERAL,78164,DR. BIJAN MUKHERJEE,BJP,74608,3556,1.95,1.42,182211,250813,72.65
2021,279,HARERAM SINGH,TMC,MALE,67.0,GENERAL,71002,TAPAS KUMAR ROY,BJP,62951,8051,4.83,3.64,166703,221419,75.29
2021,280,AGNIMITRA PAUL,BJP,FEMALE,48.0,GENERAL,87881,SAYANI GHOSH,TMC,83394,4487,2.3,1.64,194737,274245,71.01
2021,281,Ghatak Moloy,TMC,MALE,65.0,GENERAL,100931,Krishnendu Mukherjee,BJP,79821,21110,10.94,7.65,192907,275796,69.95
2021,282,AJAY KUMAR PODDAR,BJP,MALE,63.0,GENERAL,81112,UJJAL CHATTERJEE,TMC,80433,679,0.39,0.27,174767,251671,69.44
2021,283,BIDHAN UPADHYAY,TMC,MALE,51.0,GENERAL,88430,ARIJIT ROY,BJP,64973,23457,13.86,10.4,169207,225596,75.0
2021,284,Anup Kumar Saha,BJP,MALE,34.0,SC,98083,Debabrata Saha,TMC,94220,3863,1.89,1.6,204599,241742,84.64
2021,285,BIKASH ROYCHOUDHURY,TMC,MALE,68.0,GENERAL,105871,CHATTOPADHYAY JAGANNATH,BJP,98551,7320,3.35,2.78,218590,263557,82.94
2021,286,SINHA CHANDRANATH,TMC,MALE,58.0,GENERAL,116443,ANIRBAN GANGULY,BJP,94163,22280,9.68,8.13,230260,273896,84.07
2021,287,BIDHAN CHANDRA MAJHI,TMC,MALE,40.0,SC,112116,TARAKESWAR SAHA,BJP,105446,6670,2.83,2.41,235328,276777,85.02
2021,288,ABHIJIT SINHA (RANA),TMC,MALE,54.0,GENERAL,108423,BISWAJIT MONDAL,BJP,90448,17975,8.48,7.49,212027,240044,88.33
2021,289,NILABATI SAHA,TMC,FEMALE,50.0,SC,110572,PIYA SAHA,BJP,95329,15243,6.87,5.96,221866,255959,86.68
2021,290,ABHIJIT ROY,TMC,MALE,52.0,GENERAL,100425,Shyamapada Mondal,BJP,88350,12075,6.05,5.23,199425,230682,86.45
2021,291,ASISH BANERJEE,TMC,MALE,69.0,GENERAL,103276,SUBHASIS CHOUDHURY (KHOKAN),BJP,94804,8472,3.9,3.25,217323,260812,83.33
2021,292,Dr. ASOK KUMAR CHATTOPADHYAY,TMC,MALE,63.0,GENERAL,108289,NIKHIL BANERJEE,BJP,57676,50613,24.03,20.4,210606,248113,84.88
2021,293,RAJENDRA PRASAD SINGH (RAJU SINGH),TMC,MALE,48.0,GENERAL,117438,TAPAS KUMAR YADAV(ANANDA YADAV),BJP,60533,56905,27.4,23.24,207696,244837,84.83
2021,294,DR MOSARRAF HOSSAIN,TMC,MALE,58.0,GENERAL,146496,DEBASISH ROY,BJP,48250,98246,45.08,37.33,217917,263200,82.8
2026,1,Dadhiram Ray,BJP,MALE,43.0,SC,119109,Adhikary Paresh Chandra,TMC,89525,29584,13.52,13.16,218859,224781,97.37
2026,2,Nishith Pramanik,BJP,MALE,40.0,SC,143340,Dr. Sablu Barman,TMC,86250,57090,23.61,22.92,241845,249135,97.07
2026,3,Sukumar Ray,BJP,MALE,57.0,SC,155327,Partha Pratim Ray,TMC,84943,70384,27.69,26.64,254175,264197,96.21
2026,4,Rathindra Bose,BJP,MALE,65.0,GENERAL,108482,Avijit De Bhowmik,TMC,85198,23284,11.34,10.86,205413,214440,95.79
2026,5,Sabitri Barman,BJP,FEMALE,53.0,SC,144367,Harihar Das,TMC,119089,25278,9.03,8.84,279822,285874,97.88
2026,6,Sangita Roy,TMC,FEMALE,54.0,SC,128188,Ashutosh Barma,BJP,125467,2721,1.03,1.0,265319,273362,97.06
2026,7,Ajay Ray,BJP,MALE,48.0,GENERAL,138255,Udayan Guha,TMC,120808,17447,6.51,6.27,267925,278074,96.35
2026,8,Girija Shankar Ray,BJP,MALE,54.0,SC,126911,Sailendra Nath Barma,TMC,92298,34613,14.87,14.4,232716,240383,96.81
2026,9,Malati Rava Roy,BJP,FEMALE,62.0,SC,122525,Shibsankar Paul,TMC,96068,26457,11.46,11.11,230829,238111,96.94
2026,10,Manoj Kumar Oraon,BJP,MALE,46.0,ST,143044,Rajeev Tirkey,TMC,90167,52877,21.42,20.31,246827,260288,94.83
2026,11,Bishal Lama,BJP,MALE,44.0,ST,114759,Birendra Bara (oraon),TMC,76916,37843,18.68,17.02,202607,222332,91.13
2026,12,Paritosh Das,BJP,MALE,60.0,GENERAL,143242,Suman Kanjilal,TMC,72822,70420,30.29,28.71,232466,245304,94.77
2026,13,Dipak Barman,BJP,MALE,52.0,SC,134370,Subhash Chandra Roy,TMC,88371,45999,19.49,18.71,235953,245799,95.99
2026,14,Laxuman Limbu,BJP,MALE,53.0,ST,102488,Jayprakash Toppo,TMC,61578,40910,23.15,21.02,176753,194663,90.8
2026,15,Naresh Roy,BJP,MALE,49.0,SC,134798,Nirmal Chandra Roy,TMC,96248,38550,15.51,14.9,248496,258677,96.06
2026,16,Dalim Chandra Roy,BJP,MALE,66.0,SC,147403,Rammohan Ray,TMC,90900,56503,22.47,21.8,251447,259205,97.01
2026,17,Ananta Deb Adhikary,BJP,MALE,53.0,SC,142987,Krishna Das,TMC,74182,68805,28.93,27.39,237856,251217,94.68
2026,18,Dinesh Sarkar,BJP,MALE,61.0,SC,114657,Swapna Barman,TMC,93180,21477,9.57,9.29,224379,231186,97.06
2026,19,Sikha Chatterjee,BJP,FEMALE,71.0,GENERAL,166300,Ranjan Sil Sharma,TMC,68585,97715,38.79,36.91,251889,264767,95.14
2026,20,Sukra Munda,BJP,MALE,54.0,ST,112095,Bulu Chik Baraik,TMC,96603,15492,6.9,6.51,224453,238092,94.27
2026,21,Puna Bhengra,BJP,MALE,51.0,ST,103478,Sanjay Kujur,TMC,77620,25858,12.68,11.7,203963,220932,92.32
2026,22,Bharat Kumar Chetri,BJP,MALE,45.0,GENERAL,84290,Ruden Sada Lepcha,BGPM,62826,21464,12.66,10.55,169477,203506,83.28
2026,23,Noman Rai,BJP,MALE,45.0,GENERAL,62076,Bijoy Kumar Rai,BGPM,56019,6057,3.48,2.87,173807,210995,82.37
2026,24,Sonam Lama,BJP,MALE,46.0,ST,74878,Amar Lama,BGPM,57871,17007,9.35,7.8,181833,218103,83.37
2026,25,Anandamay Barman,BJP,MALE,43.0,SC,166905,Shankar Malakar,TMC,62640,104265,41.54,38.59,250985,270154,92.9
2026,26,Shankar Ghosh,BJP,MALE,52.0,GENERAL,120760,Goutam Deb,TMC,47568,73192,39.87,36.41,183573,201008,91.33
2026,27,Durga Murmu,BJP,MALE,47.0,ST,118241,Reena Topno Ekka,TMC,72978,45263,21.79,20.77,207732,217918,95.33
2026,28,Hamidul Rahaman,TMC,MALE,66.0,GENERAL,120986,Sankar Adhikari,BJP,51862,69124,32.73,31.51,211163,219393,96.25
2026,29,Agarwal Kanaia Lal,TMC,MALE,71.0,GENERAL,108117,Chitrajit Roy,BJP,68054,40063,21.54,19.8,185961,202385,91.88
2026,30,Md Ghulam Rabbani,TMC,MALE,56.0,GENERAL,122105,Sarajit Biswas,BJP,38315,83790,45.74,41.99,183176,199566,91.79
2026,31,Azad Minhajul Arfin,TMC,MALE,54.0,GENERAL,90277,Manoj Kumar Jain,BJP,62266,28011,14.07,12.96,199125,216163,92.12
2026,32,Biraj Biswas,BJP,MALE,32.0,SC,96260,Goutam Paul,TMC,76391,19869,9.03,8.58,219973,231680,94.95
2026,33,Haripada Barman,BJP,MALE,41.0,SC,115529,Satyajit Barman,TMC,103168,12361,5.16,5.01,239372,246863,96.97
2026,34,Utpal Brahmacharo,BJP,MALE,43.0,SC,158349,Nitai Baishya,TMC,81924,76425,29.6,28.46,258225,268580,96.14
2026,35,Koushik Chowdhury,BJP,MALE,53.0,GENERAL,105561,Krishna Kalyani,TMC,46920,58641,35.58,33.61,164804,174464,94.46
2026,36,Mosaraf Hussen,TMC,MALE,45.0,GENERAL,98172,Sabita Barman,BJP,70294,27878,13.66,13.17,204159,211669,96.45
2026,37,Tapas Chandra Roy,BJP,MALE,39.0,SC,97437,Rekha Roy,TMC,88374,9063,4.54,4.4,199526,206031,96.84
2026,38,Toraf Hossain Mandal,TMC,MALE,66.0,GENERAL,82791,Subhendu Sarkar,BJP,76106,6685,3.84,3.7,173869,180629,96.26
2026,39,Bidyut Kumar Roy,BJP,MALE,62.0,GENERAL,95697,Arpita Ghosh,TMC,48121,47576,30.06,28.44,158296,167310,94.61
2026,40,Budhrai Tudu,BJP,MALE,52.0,ST,105780,Chintamani Biha,TMC,68793,36987,19.81,18.94,186702,195260,95.62
2026,41,Satyendra Nath Roy,BJP,MALE,69.0,SC,105083,Goutam Das,TMC,76744,28339,14.7,14.14,192823,200464,96.19
2026,42,Biplab Mitra,TMC,MALE,74.0,GENERAL,93098,Debabrata Majumder,BJP,91112,1986,0.97,0.94,204074,211506,96.49
2026,43,Joyel Murmu,BJP,MALE,42.0,ST,142062,Amal Kisku,TMC,63874,78188,34.35,32.78,227613,238515,95.43
2026,44,Chinmoy Deb Barman,BJP,MALE,42.0,SC,131541,Prasenjit Das,TMC,93349,38192,15.66,14.95,243885,255389,95.5
2026,45,Prasun Banerjee,TMC,MALE,56.0,GENERAL,128014,Ratan Das,BJP,64140,63874,27.25,26.11,234409,244678,95.8
2026,46,Md. Matibur Rahaman,TMC,MALE,38.0,GENERAL,113104,Ratan Das,BJP,64833,48271,21.26,20.19,227099,239042,95.0
2026,47,Abdur Rahim Boxi,TMC,MALE,62.0,GENERAL,104123,Mausam B Noor,INC,44376,59747,29.57,28.09,202035,212732,94.97
2026,48,Samar Mukherjee,TMC,MALE,84.0,GENERAL,106834,Abishek Singhania,BJP,74272,32562,13.97,13.17,233138,247168,94.32
2026,49,Gour Chandra Mandal,BJP,MALE,47.0,SC,110118,Kabita Mandal,TMC,96180,13938,6.18,5.89,225363,236535,95.28
2026,50,Gopal Chandra Saha,BJP,MALE,49.0,SC,123656,Lipika Barman Ghosh,TMC,73528,50128,22.7,21.62,220797,231841,95.24
2026,51,Amlan Bhaduri (buro),BJP,MALE,51.0,GENERAL,154096,Asis Kundu (pata),TMC,60312,93784,39.98,37.56,234560,249659,93.95
2026,52,Islam Md Najrul,TMC,MALE,47.0,GENERAL,65705,Nibaran Ghosh,BJP,55209,10496,6.47,6.19,162178,169594,95.63
2026,53,Sabina Yeasmin,TMC,FEMALE,48.0,GENERAL,112795,Abdul Hannan,INC,52508,60287,26.54,25.48,227125,236585,96.0
2026,54,Raju Karmakar,BJP,MALE,54.0,GENERAL,108692,Chandana Sarkar,TMC,61811,46881,20.85,20.02,224839,234158,96.02
2026,55,Motab Shaikh,INC,MALE,57.0,GENERAL,63050,Sunil Chowdhuri,BJP,54857,8193,4.69,4.51,174841,181811,96.17
2026,56,Mohammed Noor Alam,TMC,MALE,43.0,GENERAL,61918,Md Najme Alam,INC,54331,7587,4.88,4.7,155430,161502,96.24
2026,57,Emani Biswas,TMC,MALE,51.0,GENERAL,81330,Mahabir Ghosh,BJP,68973,12357,5.6,5.39,220852,229360,96.29
2026,58,Chitta Mukherjee,BJP,MALE,75.0,GENERAL,91201,Jakir Hossain,TMC,80659,10542,4.96,4.77,212606,221206,96.11
2026,59,Akhruzzaman,TMC,MALE,61.0,GENERAL,88909,Nasir Saikh,INC,48354,40555,20.82,20.22,194765,200586,97.1
2026,60,Bayron Biswas,TMC,MALE,41.0,GENERAL,90781,Tapas Kumar Chakraborty,BJP,56521,34260,16.5,15.77,207660,217262,95.58
2026,61,Abdul Aziz Doctor,TMC,MALE,30.0,GENERAL,67954,Touhidur Rahaman Suman,INC,48994,18960,10.52,10.18,180167,186332,96.69
2026,62,Reyat Hossain Sarkar,TMC,MALE,51.0,GENERAL,105997,Mahamudal Hasan,CPI(M),49590,56407,25.85,25.1,218216,224767,97.09
2026,63,Julfikar Ali,INC,MALE,42.0,GENERAL,79423,Abdul Soumik Hossain,TMC,76722,2701,1.14,1.1,237202,244547,97.0
2026,64,Gouri Sankar Ghosh,BJP,MALE,53.0,GENERAL,114443,Shaoni Singha Roy,TMC,82922,31521,13.27,12.68,237534,248676,95.52
2026,65,Dilip Saha,BJP,MALE,64.0,SC,78739,Pronab Chandra Das,TMC,72820,5919,2.67,2.43,221580,243554,90.98
2026,66,Mitali Mal,BJP,FEMALE,28.0,SC,77748,Ashis Marjit,TMC,68415,9333,4.56,4.04,204477,231076,88.49
2026,67,Sukhen Kumar Bagdi,BJP,MALE,60.0,SC,91661,Protima Rajak,TMC,69361,22300,11.8,10.38,188917,214906,87.91
2026,68,Gargi Das Ghosh,BJP,FEMALE,61.0,GENERAL,73355,Apurba Sarkar (david),TMC,63020,10335,5.18,4.41,199460,234139,85.19
2026,69,Mustafijur Rahaman (suman),TMC,MALE,45.0,GENERAL,90870,Anamika Ghosh,BJP,60117,30753,14.34,12.79,214424,240461,89.17
2026,70,Humayun Kabir,AJUP,MALE,63.0,GENERAL,123536,Bapan Ghosh,BJP,64660,58876,24.6,22.88,239295,257373,92.98
2026,71,Bharat Kumar Jhawar,BJP,MALE,75.0,GENERAL,72872,Rabiul Alam Chowdhury,TMC,59664,13208,5.78,5.4,228591,244767,93.39
2026,72,Subrata Maitra (kanchan),BJP,MALE,59.0,GENERAL,91088,Adhir Ranjan Chowdhury,INC,73540,17548,7.82,7.27,224268,241429,92.89
2026,73,Niamot Sheikh,TMC,MALE,75.0,GENERAL,80338,Bijoy Sekh,AJUP,67673,12665,5.38,5.16,235296,245668,95.78
2026,74,Humayun Kabir,AJUP,MALE,63.0,GENERAL,86463,Rana Mandal,BJP,58520,27943,12.61,11.83,221600,236256,93.8
2026,75,Md. Mostafijur Rahaman,CPI(M),MALE,46.0,GENERAL,107882,Humayun Kabir,TMC,91586,16296,6.32,6.09,257790,267693,96.3
2026,76,Babar Ali,TMC,MALE,32.0,GENERAL,88684,Ianus Ali Sarkar,CPI(M),67168,21516,8.49,8.18,253306,263066,96.29
2026,77,Samarendranath Ghosh,BJP,MALE,54.0,GENERAL,105234,Soham Chakraborty,TMC,95049,10185,4.23,4.01,240916,253802,94.92
2026,78,Subrata Kabiraj,BJP,MALE,55.0,GENERAL,112138,Dilip Kumar Poddar,TMC,83885,28253,12.1,11.13,233588,253796,92.04
2026,79,Rukbanur Rahman,TMC,MALE,57.0,GENERAL,89241,Anima Dutta,BJP,77787,11454,5.34,4.92,214650,232690,92.25
2026,80,Alifa Ahmed,TMC,FEMALE,39.0,GENERAL,89292,Bapan Ghosh,BJP,79120,10172,4.64,4.35,219023,233595,93.76
2026,81,Santanu Dey,BJP,MALE,56.0,GENERAL,100600,Kallol Khan,TMC,83273,17327,8.41,7.9,205920,219401,93.86
2026,82,Jeber Sekh,TMC,MALE,49.0,GENERAL,97085,Saikat Sarkar,BJP,66305,30780,14.6,13.22,210762,232860,90.51
2026,83,Tarak Nath Chatterjee,BJP,MALE,45.0,GENERAL,133211,Somnath Dutta,TMC,54850,78361,38.78,36.06,202057,217296,92.99
2026,84,Srutisekhar Goswami,BJP,MALE,53.0,GENERAL,108631,Pundarikakshya Saha,TMC,87187,21444,9.83,9.3,218181,230481,94.66
2026,85,Sadhan Ghosh,BJP,MALE,48.0,GENERAL,102862,Ujjal Biswas,TMC,75061,27801,14.11,13.2,197084,210686,93.54
2026,86,Swapan Kumar Das,BJP,MALE,62.0,GENERAL,117941,Brajakishore Goswami,TMC,72565,45376,21.11,19.91,214973,227916,94.32
2026,87,Partha Sarathi Chatterjee(babu),BJP,MALE,72.0,GENERAL,129046,Tapas Kumar Ghosh,TMC,71495,57551,26.5,24.67,217135,233327,93.06
2026,88,Sukanta Biswas,BJP,MALE,39.0,SC,139838,Samir Kumar Poddar,TMC,78939,60899,26.2,23.93,232467,254486,91.35
2026,89,Ashim Biswas,BJP,MALE,49.0,SC,126235,Barnali Dey Roy,TMC,74492,51743,24.48,22.15,211396,233552,90.51
2026,90,Ashim Kumar Biswas,BJP,MALE,56.0,SC,140010,Sougata Kumar Burman,TMC,75546,64464,27.7,25.36,232685,254197,91.54
2026,91,Bankim Chandra Ghosh,BJP,MALE,67.0,GENERAL,115433,Subhankar Singha (jishu),TMC,78488,36945,17.53,16.44,210720,224671,93.79
2026,92,Anupam Biswas,BJP,MALE,59.0,SC,114469,Dr. Atindra Nath Mondal,TMC,79677,34792,16.14,15.07,215506,230939,93.32
2026,93,Asim Kumar Sarkar,BJP,MALE,65.0,SC,107900,Dr. Rajib Biswas.,TMC,85845,22055,10.37,9.78,212756,225582,94.31
2026,94,Soma Thakur,BJP,FEMALE,40.0,SC,121307,Madhuparna Thakur,TMC,86691,34616,15.94,14.33,217223,241642,89.89
2026,95,Ashok Kirtania,BJP,MALE,52.0,SC,119317,Biswajit Das,TMC,78647,40670,19.24,17.92,211344,226988,93.11
2026,96,Swapan Majumder,BJP,MALE,44.0,SC,119399,Rituparna Addhya,TMC,81585,37814,17.82,16.52,212191,228861,92.72
2026,97,Subrata Thakur,BJP,MALE,45.0,SC,121322,Narottam Biswas,TMC,73639,47683,22.79,21.33,209201,223535,93.59
2026,98,Bina Mondal,TMC,FEMALE,50.0,SC,94813,Tarak Saha,BJP,78796,16017,7.34,6.98,218120,229583,95.01
2026,99,Burhanul Mukaddim (liton),TMC,MALE,48.0,GENERAL,103334,Sukriti Kumar Sarkar,BJP,63273,40061,17.62,16.93,227365,236598,96.1
2026,100,Debdas Mondal,BJP,MALE,58.0,GENERAL,104645,Jyoti Priya Mallick,TMC,73183,31462,15.83,15.01,198737,209653,94.79
2026,101,Dr. Sumay Hira,BJP,MALE,67.0,GENERAL,96807,Narayan Goswami,TMC,87399,9408,4.28,4.09,219757,229948,95.57
2026,102,Mohammad Kasem Siddique,TMC,MALE,46.0,GENERAL,81670,Arindam Dey,BJP,78675,2995,1.4,1.35,213502,221501,96.39
2026,103,Sudipta Das,BJP,MALE,41.0,GENERAL,71799,Subodh Adhikary,TMC,58456,13343,9.21,8.42,144886,158512,91.4
2026,104,Sumitro Chatterjee,BJP,MALE,62.0,GENERAL,77484,Sanat Dey,TMC,67054,10430,6.62,6.09,157664,171184,92.1
2026,105,Pawan Kumar Singh,BJP,MALE,38.0,GENERAL,61683,Amit Gupta,TMC,38876,22807,21.45,19.41,106314,117493,90.49
2026,106,Dr. Rajesh Kumar,BJP,MALE,60.0,GENERAL,94351,Somenath Shyam Ichini,TMC,73442,20909,11.41,10.66,183193,196204,93.37
2026,107,Arjun Singh,BJP,MALE,64.0,GENERAL,94415,Trinankur Bhattacharjee,TMC,76759,17656,9.05,8.24,195177,214216,91.11
2026,108,Kaustuv Bagchi,BJP,MALE,35.0,GENERAL,78466,Raj Chakraborty (raju),TMC,62644,15822,10.21,9.24,154918,171212,90.48
2026,109,Kalyan Chakraborti,BJP,MALE,59.0,GENERAL,97752,Devadeep Purohit,TMC,73266,24486,12.46,11.65,196505,210105,93.53
2026,110,Sourav Sikdar,BJP,MALE,48.0,GENERAL,103284,Chandrima Bhattacharya,TMC,76880,26404,11.82,10.98,223349,240505,92.87
2026,111,Ratna Debnath,BJP,FEMALE,54.0,GENERAL,87977,Tirthankar Ghosh,TMC,59141,28836,16.48,15.19,174984,189867,92.16
2026,112,Madan Mitra,TMC,MALE,71.0,GENERAL,64817,Arup Choudhury (pulak),BJP,59171,5646,3.81,3.47,148272,162833,91.06
2026,113,Sajal Ghosh,BJP,MALE,53.0,GENERAL,81730,Sayantika Banerjee,TMC,64774,16956,10.01,9.08,169347,186656,90.73
2026,114,Arijit Bakshi,BJP,MALE,41.0,GENERAL,99181,Bratyabrata Basu,TMC,73908,25273,12.76,11.61,198098,217724,90.99
2026,115,Piyush Kanodia,BJP,MALE,43.0,GENERAL,106564,Tapash Chatterjee,TMC,106248,316,0.13,0.12,252560,267716,94.34
2026,116,Sharadwat Mukherjee,BJP,MALE,56.0,GENERAL,97979,Sujit Bose,TMC,60649,37330,21.03,18.3,177484,203960,87.02
2026,117,Tarunjyoti Tewari,BJP,MALE,37.0,GENERAL,101277,Aditi Munshi,TMC,73520,27757,14.18,12.68,195730,218980,89.38
2026,118,Rathin Ghosh,TMC,MALE,68.0,GENERAL,95995,Anindya Banerjee,BJP,93596,2399,1.03,0.98,232916,244690,95.19
2026,119,Sankar Chatterjee,BJP,MALE,60.0,GENERAL,122171,Sabyasachi Dutta,TMC,87613,34558,14.61,13.68,236603,252684,93.64
2026,120,Anisur Rahaman Bidesh,TMC,MALE,38.0,GENERAL,101114,Md Mofidul Hoque Sahaji Mintu,AISF,83296,17818,7.63,7.42,233473,240229,97.19
2026,121,Abdul Matin Muhammad,TMC,MALE,52.0,GENERAL,117591,Piyarul Islam,AISF,68250,49341,20.78,20.26,237469,243479,97.53
2026,122,Usha Rani Mondal,TMC,FEMALE,52.0,SC,92079,Rudrendra Patra,BJP,59787,32292,14.96,14.54,215848,222038,97.21
2026,123,Sanat Sardar,BJP,MALE,47.0,ST,107189,Jharna Sardar,TMC,89679,17510,8.1,7.84,216180,223320,96.8
2026,124,Surajit Mitra (badal),TMC,MALE,52.0,GENERAL,112965,Dr. Sourya Banerjee,BJP,103421,9544,3.81,3.66,250535,260723,96.09
2026,125,Md. Tauseffur Rahman,TMC,MALE,35.0,GENERAL,115503,Md. Musa Karemulla,AISF,58233,57270,24.01,23.31,238563,245638,97.12
2026,126,Rekha Patra,BJP,FEMALE,32.0,SC,100207,Ananda Sarkar,TMC,94786,5421,2.62,2.52,207071,215357,96.15
2026,127,Bikarna Naskar,BJP,MALE,41.0,SC,108492,Subrata Mondal,TMC,92392,16100,7.62,7.27,211328,221427,95.44
2026,128,Nilima Mistry Bishal,TMC,FEMALE,43.0,SC,127495,Bikash Sardar,BJP,71314,56181,24.23,23.37,231860,240362,96.46
2026,129,Ganesh Chandra Mondal,TMC,MALE,46.0,SC,146435,Madhabi Mahalder,BJP,87159,59276,23.38,22.65,253551,261761,96.86
2026,130,Samir Kumar Jana,TMC,MALE,76.0,GENERAL,117164,Asit Kumar Haldar,BJP,112291,4873,1.98,1.89,246059,257862,95.42
2026,131,Dipankar Jana,BJP,MALE,56.0,GENERAL,109373,Manturam Pakhira,TMC,104613,4760,2.06,1.97,231303,241891,95.62
2026,132,Sumanta Mandal,BJP,MALE,39.0,SC,127802,Bankim Chandra Hazra,TMC,119921,7881,3.05,2.87,258107,274488,94.03
2026,133,Barnali Dhara,TMC,FEMALE,51.0,GENERAL,91266,Abani Naskar,BJP,80883,10383,5.0,4.79,207706,216699,95.85
2026,134,Tapas Mondal S/o-shibprasad Mondal,TMC,MALE,65.0,GENERAL,118991,Palash Rana,BJP,113034,5957,2.31,2.22,257773,267926,96.21
2026,135,Joydeb Halder S/o - Kartick Chandra Halder,TMC,MALE,50.0,SC,93686,Mallika Paik W/o - Ashok Paik,BJP,91691,1995,0.94,0.9,213229,222142,95.99
2026,136,Biswanath Das,TMC,MALE,60.0,SC,108194,Aloke Halder,BJP,81844,26350,12.03,11.59,219107,227343,96.38
2026,137,Bivas Sardar,TMC,MALE,48.0,SC,120987,Tumpa Sardar,BJP,89172,31815,13.41,12.98,237319,245159,96.8
2026,138,Paresh Ram Das,TMC,MALE,48.0,SC,120548,Prasanta Bayen,BJP,79883,40665,17.63,17.06,230686,238344,96.79
2026,139,Md Baharul Islam,TMC,MALE,38.0,GENERAL,148687,Arabul Islam,AISF,56733,91954,38.05,37.27,241664,246698,97.96
2026,140,Biman Banerjee,TMC,MALE,77.0,GENERAL,104781,Biswajit Paul,BJP,86919,17862,8.08,7.66,221031,233239,94.77
2026,141,Sarmistha Purkait,TMC,FEMALE,33.0,SC,108412,Uttam Kumar Banik,BJP,76805,31607,14.23,13.58,222178,232718,95.47
2026,142,Md. Samim Ahamed Molla,TMC,MALE,38.0,GENERAL,113834,Goursundar Ghosh,BJP,55331,58503,28.49,26.95,205362,217102,94.59
2026,143,Panna Lal Halder,TMC,MALE,75.0,GENERAL,119320,Dipak Kumar Halder,BJP,88054,31266,13.46,12.75,232238,245251,94.69
2026,145,Agniswar Naskar,BJP,MALE,47.0,GENERAL,111023,Somashree Betal,TMC,110622,401,0.17,0.16,239370,256303,93.39
2026,146,Dilip Mondal,TMC,MALE,58.0,SC,132647,Abhijit Sardar,BJP,95722,36925,14.74,13.76,250592,268346,93.38
2026,147,Rupa Ganguly,BJP,FEMALE,59.0,GENERAL,128970,Arundhuti Maitra(lovely),TMC,93188,35782,14.52,13.7,246393,261143,94.35
2026,148,Md Nawsad Siddique,AISF,MALE,33.0,GENERAL,126555,Saokat Molla,TMC,94467,32088,12.0,11.76,267394,272748,98.04
2026,149,Ahmed Javed Khan,TMC,MALE,69.0,GENERAL,117893,Banerjee Sandip,BJP,96919,20974,8.7,7.89,241206,265693,90.78
2026,150,Sarbori Mukherjee,BJP,FEMALE,56.0,GENERAL,106199,Debabrata Majumdar (malay),TMC,78483,27716,11.99,10.62,231075,260915,88.56
2026,151,Debasish Dhar,BJP,MALE,50.0,GENERAL,119824,Firdousi Begam,TMC,110017,9807,3.82,3.59,256444,273312,93.83
2026,152,Papia Adhikary,BJP,FEMALE,64.0,GENERAL,88407,Aroop Biswas,TMC,82394,6013,2.92,2.61,205661,230098,89.38
2026,153,Sankar Sikder,BJP,MALE,55.0,GENERAL,115502,Subhasish Chakraborty,TMC,90365,25137,10.71,9.67,234687,259876,90.31
2026,154,Dr. Indranil Khan,BJP,MALE,37.0,GENERAL,113171,Ratna Chatterjee,TMC,88472,24699,10.34,9.27,238796,266349,89.66
2026,155,Subhasis Das,TMC,MALE,49.0,GENERAL,116811,Tamanath Bhowmick,BJP,83898,32913,14.32,13.52,229791,243529,94.36
2026,156,Ashok Kumar Deb,TMC,MALE,76.0,GENERAL,127091,Dr Tarun Kumar Adak,BJP,80241,46850,21.48,20.36,218093,230052,94.8
2026,157,Abdul Khaleque Molla,TMC,MALE,81.0,GENERAL,124230,Bir Bahadur Singh,BJP,36351,87879,48.8,46.36,180068,189557,94.99
2026,158,Firhad Hakim,TMC,MALE,67.0,GENERAL,101226,Rakesh Singh,BJP,45146,56080,36.25,32.64,154702,171825,90.03
2026,159,Adhikari Suvendu,BJP,MALE,57.0,GENERAL,73917,Mamata Banerjee,TMC,58812,15105,10.83,9.41,139413,160563,86.83
2026,160,Dasgupta Swapan,BJP,MALE,70.0,GENERAL,74123,Debasish Kumar (deba),TMC,53258,20865,15.03,13.16,138814,158586,87.53
2026,161,Sobhandeb Chattopadhyay,TMC,MALE,82.0,GENERAL,108481,Shatorupa,BJP,47005,61476,36.73,32.53,167384,188988,88.57
2026,162,Bandyopadhyay Nayna,TMC,FEMALE,57.0,GENERAL,62938,Santosh Kumar Pathak,BJP,40936,22002,19.98,17.36,110122,126715,86.91
2026,163,Sandipan Saha,TMC,MALE,47.0,GENERAL,94427,Dr. Priyanka Tibrewal,BJP,60421,34006,20.58,18.99,165207,179088,92.25
2026,164,Kunal Kumar Ghosh,TMC,MALE,58.0,GENERAL,93757,Partha Chaudhury,BJP,65181,28576,16.41,14.98,174108,190746,91.28
2026,165,Vijay Ojha,BJP,MALE,52.0,GENERAL,52868,Vijay Upadhyay,TMC,47071,5797,5.43,4.72,106847,122746,87.05
2026,166,Purnima Chakraborty,BJP,FEMALE,42.0,GENERAL,60248,Shashi Panja,TMC,45615,14633,12.53,11.09,116768,131890,88.53
2026,167,Tapas Roy,BJP,MALE,70.0,GENERAL,76370,Shrreya Pande,TMC,60726,15644,10.38,9.43,150722,165961,90.82
2026,168,Ritesh Tiwari,BJP,MALE,54.0,GENERAL,68368,Atin Ghosh,TMC,66717,1651,1.1,0.98,150542,168019,89.6
2026,169,Sanjay Kumar Singh,BJP,MALE,57.0,GENERAL,57639,Kailash Kumar Mishra,TMC,45642,11997,10.18,8.97,117838,133780,88.08
2026,170,Umesh Rai,BJP,MALE,48.0,GENERAL,67539,Gautam Chowdhury,TMC,56289,11250,8.45,7.49,133063,150110,88.64
2026,171,Arup Roy,TMC,MALE,70.0,GENERAL,95948,Biplab Kumar Mandal,BJP,79865,16083,8.31,7.48,193459,214910,90.02
2026,172,Rudranil Ghosh,BJP,MALE,53.0,GENERAL,89615,Dr. Rana Chatterjee,TMC,73557,16058,8.86,8.23,181323,195103,92.94
2026,173,Nandita Chowdhury,TMC,FEMALE,65.0,GENERAL,100540,Shyamal Kumar Hati,BJP,92712,7828,3.53,3.25,222054,240748,92.24
2026,174,Priya Paul,TMC,FEMALE,55.0,SC,105412,Barnali Dhali Naskar,BJP,88672,16740,7.3,6.97,229210,240335,95.37
2026,175,Gulsan Mullick,TMC,MALE,68.0,GENERAL,123967,Ranjan Paul,BJP,85647,38320,16.3,15.42,235163,248515,94.63
2026,176,Ritabrata Banerjee,TMC,MALE,47.0,GENERAL,95633,Rudra Prosad Banerjee,BJP,83795,11838,5.69,5.42,208025,218601,95.16
2026,177,Chiran Bera,BJP,MALE,38.0,SC,93320,Bimal Kumar Das,TMC,89143,4177,2.05,1.95,203466,214715,94.76
2026,178,Pulak Roy,TMC,MALE,59.0,GENERAL,109649,Swami Mangalananda Puri,BJP,92462,17187,7.6,7.25,226271,237104,95.43
2026,179,Dr. Hiranmoy Chattopadhyaya (hiraan),BJP,MALE,49.0,GENERAL,125651,Nadebasi Jana,TMC,103391,22260,9.1,8.58,244669,259440,94.31
2026,180,Arunava Sen,TMC,MALE,50.0,GENERAL,105060,Pramanshu Rana,BJP,93744,11316,5.18,4.9,218406,230726,94.66
2026,181,Amit Samanta,BJP,MALE,35.0,GENERAL,104649,Sukanta Kumar Paul,TMC,100195,4454,1.88,1.73,237001,257113,92.18
2026,182,Samir Kumar Panja,TMC,MALE,61.0,GENERAL,105802,Probhakar Pandit,BJP,93575,12227,5.72,5.33,213603,229303,93.15
2026,183,Anupam Ghosh,BJP,MALE,47.0,GENERAL,115608,Subir Chatterjee (tinkai),TMC,108937,6671,2.64,2.46,252515,270866,93.23
2026,184,Tapas Maity,TMC,MALE,46.0,GENERAL,134036,Gobinda Hazra,BJP,91859,42177,16.59,15.66,254187,269344,94.37
2026,185,Dipanjan Chakraborty,BJP,MALE,60.0,GENERAL,80612,Sirsanya Bandopadhyay,TMC,70197,10415,5.07,4.56,205454,228576,89.88
2026,186,Bhaskar Bhattacharya,BJP,MALE,68.0,GENERAL,85644,Tanmoy Ghosh,TMC,76959,8685,4.66,4.21,186297,206216,90.34
2026,187,Dilip Singh,BJP,MALE,50.0,GENERAL,93704,Arindam Guin (bubai),TMC,90678,3026,1.48,1.36,204415,222304,91.95
2026,188,Arup Kumar Das,BJP,MALE,52.0,GENERAL,113008,Becharam Manna,TMC,91570,21438,9.63,9.03,222573,237516,93.71
2026,189,Deepanjan Kumar Guha,BJP,MALE,44.0,GENERAL,86273,Indranil Sen,TMC,72832,13441,7.19,6.6,186909,203795,91.71
2026,190,Subir Nag,BJP,MALE,53.0,GENERAL,137704,Debangshu Bhattacharya,TMC,94269,43435,17.02,15.72,255204,276244,92.38
2026,191,Sumana Sarkar,BJP,FEMALE,44.0,SC,125624,Ranjan Dhara,TMC,83710,41914,18.54,17.43,226031,240491,93.99
2026,192,Tusar Kumar Majumdar,BJP,MALE,46.0,GENERAL,101349,Samir Chakraborty,TMC,96121,5228,2.24,2.1,233718,249215,93.78
2026,193,Swaraj Ghosh,BJP,MALE,45.0,GENERAL,102414,Bidesh Ranjan Bose,TMC,79125,23289,11.85,11.06,196584,210597,93.35
2026,194,Swati Khandoker,TMC,FEMALE,58.0,GENERAL,107143,Debasish Mukherjee,BJP,87480,19663,8.64,7.97,227472,246622,92.24
2026,195,Prosenjit Bag,BJP,MALE,50.0,SC,102409,Snehasis Chakraborty,TMC,101547,862,0.37,0.34,232291,251164,92.49
2026,196,Madhumita Ghosh,BJP,FEMALE,52.0,GENERAL,113332,Karabi Manna,TMC,109844,3488,1.42,1.32,245994,264434,93.03
2026,197,Asima Patra,TMC,FEMALE,58.0,SC,123462,Barnali Das,BJP,110405,13057,5.27,4.97,247691,262844,94.23
2026,198,Santu Pan,BJP,MALE,29.0,GENERAL,116901,Ramendu Sinharay,TMC,85902,30999,13.99,13.16,221578,235634,94.03
2026,199,Biman Ghosh,BJP,MALE,42.0,GENERAL,138821,Partha Hazari,TMC,85368,53453,22.19,20.57,240924,259825,92.73
2026,200,Bag Hemanta,BJP,MALE,31.0,SC,123000,Bag Mita,TMC,94041,28959,12.28,11.42,235875,253519,93.04
2026,201,Prasanta Digar,BJP,MALE,39.0,SC,134498,Dr. Nirmal Maji,TMC,84916,49582,21.16,19.97,234321,248328,94.36
2026,202,Susanta Ghosh,BJP,MALE,37.0,GENERAL,126729,Palash Kumar Roy,TMC,92246,34483,14.54,12.83,237135,268692,88.26
2026,203,Hare Krishna Bera,BJP,MALE,66.0,GENERAL,136566,Dipendra Narayan Roy,TMC,101837,34729,13.52,12.64,256930,274816,93.49
2026,204,Subrata Maity(rana),BJP,MALE,43.0,GENERAL,109264,Ashim Kumar Maji,TMC,91361,17903,8.11,7.5,220737,238674,92.48
2026,205,Sintu Senapati,BJP,MALE,35.0,GENERAL,137919,Siraj Khan,TMC,105352,32567,12.6,11.66,258432,279248,92.55
2026,206,Ashoke Dinda,BJP,MALE,43.0,GENERAL,127166,Chandan Mondal,TMC,110925,16241,6.59,6.12,246333,265481,92.79
2026,207,Khanra Nirmal,BJP,MALE,40.0,GENERAL,131476,Sukumar De,TMC,100873,30603,12.27,11.56,249316,264738,94.17
2026,208,Subhas Chandra Panja,BJP,MALE,68.0,GENERAL,121584,Tilak Kumar Chakraborty,TMC,95346,26238,11.02,10.34,238188,253752,93.87
2026,209,Pradip Kumar Bijali,BJP,MALE,55.0,SC,132183,Tapasi Mondal,TMC,83121,49062,20.49,19.46,239446,252092,94.98
2026,210,Adhikari Suvendu,BJP,MALE,57.0,GENERAL,127301,Pabitra Kar,TMC,117636,9665,3.82,3.62,252722,267174,94.59
2026,211,Pijush Kanti Das,BJP,MALE,70.0,GENERAL,126047,Uttam Barik,TMC,105777,20270,8.38,7.91,241957,256364,94.38
2026,212,Tapan Maity,BJP,MALE,52.0,GENERAL,116589,Pijus Kanti Panda,TMC,107538,9051,3.9,3.66,232048,247529,93.75
2026,213,Sumita Sinha,BJP,FEMALE,58.0,GENERAL,130088,Debasis Bhunya,TMC,110033,20055,8.04,7.6,249421,263871,94.52
2026,214,Santanu Pramanik,BJP,MALE,41.0,SC,130586,Manab Kumar Parua,TMC,109708,20878,8.43,7.9,247653,264293,93.7
2026,215,Subrata Paik,BJP,MALE,58.0,SC,129875,Rabin Chandra Mandal,TMC,97185,32690,13.83,13.16,236328,248386,95.15
2026,216,Arup Kumar Das,BJP,MALE,68.0,GENERAL,118219,Tarun Kumar Jana,TMC,86747,31472,14.79,13.78,212835,228412,93.18
2026,217,Dr. Chandra Sekhar Mondal,BJP,MALE,42.0,GENERAL,131808,Akhil Giri,TMC,104869,26939,11.0,9.99,244842,269545,90.84
2026,218,Adhikari Dibyendu,BJP,MALE,49.0,GENERAL,142670,Tarun Kumar Maity,TMC,116978,25692,9.54,8.8,269373,291907,92.28
2026,219,Ajit Kumar Jana,BJP,MALE,71.0,GENERAL,110259,Manik Maiti,TMC,99883,10376,4.75,4.39,218374,236370,92.39
2026,220,Amiya Kisku,BJP,MALE,48.0,ST,100857,Dulal Murmu,TMC,94433,6424,3.09,2.83,207713,227076,91.47
2026,221,Rajesh Mahata,BJP,MALE,51.0,GENERAL,114683,Ajit Mahata,TMC,88008,26675,12.5,11.7,213383,228063,93.56
2026,222,Lakshmi Kanta Sau,BJP,MALE,48.0,GENERAL,120877,Mongal Saren,TMC,82730,38147,17.27,16.19,220940,235603,93.78
2026,223,Bhadra Hemram,BJP,MALE,49.0,ST,113713,Ramjiban Mandi,TMC,97826,15887,7.1,6.65,223842,238855,93.71
2026,224,Dilip Ghosh,BJP,MALE,61.0,GENERAL,89885,Pradip Sarkar,TMC,59379,30506,18.87,16.88,161661,180764,89.43
2026,225,Giri Ramaprasad,BJP,MALE,51.0,GENERAL,116050,Pratibha Maiti,TMC,95683,20367,9.03,8.51,225543,239375,94.22
2026,226,Amal Kumar Panda,BJP,MALE,73.0,GENERAL,127783,Manas Ranjan Bhunia,TMC,116647,11136,4.33,4.05,257340,274846,93.63
2026,227,Swagata Manna,BJP,FEMALE,41.0,GENERAL,124189,Ajit Maity,TMC,105709,18480,7.61,7.21,242754,256233,94.74
2026,228,Dinen Roy,TMC,MALE,70.0,GENERAL,98320,Tapan Bhuya,BJP,95448,2872,1.38,1.31,208560,218527,95.44
2026,229,Subhashis Om,BJP,MALE,41.0,GENERAL,114463,Rajib Banerjee,TMC,85662,28801,13.25,12.4,217323,232197,93.59
2026,230,Tapan Kumar Dutta,BJP,MALE,64.0,GENERAL,133071,Ashis Hudait,TMC,100937,32134,12.75,10.85,252047,296256,85.08
2026,231,Sital Kapat,BJP,MALE,36.0,SC,131550,Shyamali Sardar,TMC,93893,37657,15.56,13.6,242025,276794,87.44
2026,232,Sukanta Dolui,BJP,MALE,41.0,SC,140517,Doloi Surjya Kanta,TMC,107036,33481,12.65,11.83,264690,283081,93.5
2026,233,Pradip Lodha,BJP,MALE,65.0,GENERAL,113752,Uttara Singha (hazra),TMC,87527,26225,11.81,11.22,222049,233655,95.03
2026,234,Biman Mahata,BJP,MALE,36.0,GENERAL,132856,Srikanta Mahata,TMC,117613,15243,5.72,5.45,266475,279613,95.3
2026,235,Seuli Saha,TMC,FEMALE,56.0,SC,143123,Suvendu Samanta,BJP,93018,50105,19.73,18.68,253963,268213,94.69
2026,236,Sankar Kumar Guchhait,BJP,MALE,42.0,GENERAL,133041,Sujoy Hazra,TMC,94294,38747,15.87,14.87,244086,260610,93.66
2026,237,Dr. Pranat Tudu,BJP,MALE,48.0,ST,107238,Birbaha Hansda,TMC,84261,22977,11.04,10.37,208079,221524,93.93
2026,238,Labsen Baskey,BJP,MALE,50.0,ST,134080,Rajib Lochan Saren,TMC,104503,29577,11.11,10.34,266178,286171,93.01
2026,239,Jaladhar Mahato,BJP,MALE,40.0,GENERAL,118421,Shantiram Mahato,TMC,83370,35051,15.94,14.87,219946,235710,93.31
2026,240,Rahidas Mahato,BJP,MALE,35.0,GENERAL,112663,Sushanta Mahato,TMC,71846,40817,17.74,16.26,230137,250978,91.7
2026,241,Biswajit Mahato,BJP,MALE,35.0,GENERAL,104668,Arjun Mahato,TMC,82450,22218,9.53,8.74,233203,254082,91.78
2026,242,Sudip Kumar Mukherjee,BJP,MALE,55.0,GENERAL,128454,Sujoy Banerjee,TMC,79201,49253,21.35,19.52,230653,252313,91.42
2026,243,Mayna Murmu,BJP,FEMALE,27.0,ST,120487,Sandhya Rani Tudu,TMC,93204,27283,11.54,10.66,236467,255913,92.4
2026,244,Kamala Kanta Hansda,BJP,MALE,51.0,GENERAL,106571,Soumen Beltharia,TMC,85295,21276,10.04,9.25,211974,229972,92.17
2026,245,Nadiar Chand Bouri,BJP,MALE,48.0,SC,113488,Manik Chandra Bauri,TMC,79767,33721,15.62,14.27,215946,236360,91.36
2026,246,Mamoni Bauri,BJP,FEMALE,44.0,SC,127628,Hazari Bouri,TMC,83569,44059,18.79,17.32,234431,254449,92.13
2026,247,Chandana Bauri,BJP,FEMALE,35.0,SC,115180,Uttam Bauri,TMC,83045,32135,14.71,13.76,218491,233527,93.56
2026,248,Satyanarayan Mukhopadhyay,BJP,MALE,55.0,GENERAL,125972,Swapan Kumar Mondal,TMC,78798,47174,21.25,19.42,221957,242884,91.38
2026,249,Kshudiram Tudu,BJP,MALE,55.0,ST,131145,Tanushree Hansda,TMC,78876,52269,22.07,20.48,236828,255198,92.8
2026,250,Kshetramohan Hansda,BJP,MALE,61.0,ST,111443,Thakurmani Saren,TMC,82701,28742,13.67,12.8,210215,224609,93.59
2026,251,Souvik Patra,BJP,MALE,32.0,GENERAL,124537,Falguni Singhababu,TMC,74464,50073,22.77,21.15,219936,236732,92.91
2026,252,Niladri Sekhar Dana,BJP,MALE,59.0,GENERAL,136992,Dr. Anup Mandal,TMC,82815,54177,22.64,20.71,239331,261565,91.5
2026,253,Billeswar Sinha,BJP,MALE,46.0,GENERAL,125419,Goutam Mishra (shyam),TMC,84109,41310,17.55,16.38,235362,252205,93.32
2026,254,Amarnath Shakha,BJP,MALE,61.0,GENERAL,128296,Subrata Dutta (gopi),TMC,96573,31723,12.88,12.06,246292,263110,93.61
2026,255,Shukla Chatterjee,BJP,FEMALE,48.0,GENERAL,111082,Tanmay Ghosh (bumba),TMC,80477,30605,14.75,13.86,207478,220848,93.95
2026,256,Lakshmi Kanta Majumdar,BJP,MALE,50.0,SC,126241,Harakali Protiher,TMC,91874,34367,14.3,13.51,240253,254394,94.44
2026,257,Nirmal Kumar Dhara,BJP,MALE,44.0,SC,108733,Shyamali Roy Bagdi,TMC,107833,900,0.39,0.37,232394,245791,94.55
2026,258,Dibakar Gharami,BJP,MALE,48.0,SC,115549,Kallol Saha,TMC,86139,29410,13.26,12.45,221852,236292,93.89
2026,259,Nabin Chandra Bag,TMC,MALE,50.0,SC,104183,Goutam Dhara,BJP,95899,8284,3.71,3.54,223246,233783,95.49
2026,260,Moumita Biswas Misra,BJP,FEMALE,42.0,GENERAL,107754,Khokan Das,TMC,77284,30470,14.88,13.72,204823,222117,92.21
2026,261,Subhash Patra,BJP,MALE,37.0,SC,103487,Mandira Dalui,TMC,102653,834,0.36,0.34,233245,246255,94.72
2026,262,Arun Halder,BJP,MALE,58.0,SC,99936,Bhutnath Malik,TMC,88758,11178,5.2,4.96,214774,225551,95.22
2026,263,Saikat Panja,BJP,MALE,34.0,GENERAL,96559,Chowdhuri Siddiqullah,TMC,81761,14798,7.25,6.82,204165,216968,94.1
2026,264,Siddhartha Majumdar,BJP,MALE,44.0,SC,110790,Debo Prasad Bag (poltu),TMC,82160,28630,13.43,12.64,213233,226568,94.11
2026,265,Manab Guha,BJP,MALE,49.0,GENERAL,106428,Rash Bihari Halder,TMC,99322,7106,3.12,2.96,227492,239719,94.9
2026,266,Nisith Kumar Malik,TMC,MALE,57.0,SC,112688,Sanjoy Das,BJP,106228,6460,2.61,2.48,247932,260510,95.17
2026,267,Karfa Soumen,BJP,MALE,34.0,GENERAL,98820,Koner Shantanu,TMC,92292,6528,3.04,2.88,214694,226841,94.65
2026,268,Pran Krishna Tapadar,BJP,MALE,43.0,GENERAL,111004,Swapan Debnath,TMC,94342,16662,7.57,7.16,220056,232857,94.5
2026,269,Gopal Chattopadhyay,BJP,MALE,48.0,GENERAL,111379,Vasundhara Goswami,TMC,81153,30226,13.44,12.6,224880,239934,93.73
2026,270,Krishna Ghosh,BJP,MALE,47.0,GENERAL,122020,Rabindranath Chatterjee,TMC,86954,35066,14.64,13.63,239536,257343,93.08
2026,271,Anadi Ghosh,BJP,MALE,46.0,GENERAL,111104,Sekh Sahonawez,TMC,83494,27610,12.6,11.76,219183,234702,93.39
2026,272,Shishir Ghosh,BJP,MALE,48.0,GENERAL,104020,Apurba Chowdhury (achal),TMC,91297,12723,5.8,5.48,219247,232205,94.42
2026,273,Kalita Maji,BJP,FEMALE,38.0,SC,107692,Shyama Prasanna Lohar,TMC,95157,12535,5.55,5.31,225886,236132,95.66
2026,274,Raju Patra,BJP,MALE,35.0,SC,110640,Alok Kumar Majhi,TMC,100146,10494,4.52,4.3,232345,244138,95.17
2026,275,Jitendra Kumar Tewari,BJP,MALE,52.0,GENERAL,80501,Narendranath Chakraborty,TMC,79103,1398,0.8,0.74,174712,188499,92.69
2026,276,Chandra Sekhar Banerjee,BJP,MALE,47.0,GENERAL,108888,Pradip Mazumdar,TMC,77954,30934,14.4,13.03,214802,237454,90.46
2026,277,Lakshman Chandra Ghorui,BJP,MALE,54.0,GENERAL,114729,Kabi Dutta,TMC,77131,37598,17.34,15.73,216774,238974,90.71
2026,278,Partha Ghosh,BJP,MALE,47.0,GENERAL,97416,Kalobaran Mondal,TMC,79630,17786,9.05,8.23,196484,216243,90.86
2026,279,Dr. Bijan Mukherjee,BJP,MALE,47.0,GENERAL,90150,Hareram Singh,TMC,67636,22514,12.4,11.45,181594,196678,92.33
2026,280,Agnimitra Paul,BJP,FEMALE,53.0,GENERAL,119582,Tapas Banerjee,TMC,78743,40839,18.93,17.06,215792,239405,90.14
2026,281,Krishnendu Mukherjee,BJP,MALE,51.0,GENERAL,104516,Moloy Ghatak,TMC,92901,11615,5.52,4.9,210607,237089,88.83
2026,282,Ajay Kumar Poddar,BJP,MALE,68.0,GENERAL,103570,Abhijit Ghatak,TMC,77072,26498,13.93,12.56,190239,210912,90.2
2026,283,Arijit Roy,BJP,MALE,34.0,GENERAL,91777,Bidhan Upadhyay,TMC,80055,11722,6.33,5.8,185274,202090,91.68
2026,284,Anup Kumar Saha,BJP,MALE,39.0,SC,117437,Naresh Chandra Bauri,TMC,89790,27647,12.56,11.93,220193,231802,94.99
2026,285,Jagannath Chattopadhyay,BJP,MALE,48.0,GENERAL,124243,Ujjal Chatterjee,TMC,95557,28686,12.03,11.36,238504,252420,94.49
2026,286,Chandranath Sinha,TMC,MALE,63.0,GENERAL,114915,Dilip Ghosh,BJP,101727,13188,5.35,5.06,246339,260376,94.61
2026,287,Bidhan Chandra Majhi,TMC,MALE,45.0,SC,119910,Khokan Das,BJP,111788,8122,3.21,3.01,253119,269616,93.88
2026,288,Debasis Ojha (haku Da),BJP,MALE,58.0,GENERAL,106402,Abhijit Sinha (rana),TMC,102852,3550,1.59,1.51,223002,235224,94.8
2026,289,Krishna Kanta Saha,BJP,MALE,39.0,SC,115054,Nilabati Saha,TMC,104748,10306,4.27,4.08,241175,252442,95.54
2026,290,Dudh Kumar Mondal,BJP,MALE,70.0,GENERAL,107056,Abhijit Roy,TMC,86054,21002,9.84,9.28,213473,226302,94.33
2026,291,Dhruba Saha,BJP,MALE,46.0,GENERAL,111920,Asish Banerjee,TMC,87687,24233,10.37,9.87,233723,245490,95.21
2026,292,Fayezul Haque (kajal Sk),TMC,MALE,51.0,GENERAL,103223,Nikhil Banerjee,BJP,74925,28298,12.49,11.91,226555,237652,95.33
2026,293,Rajendra Prasad Singh(raju Singh),TMC,MALE,53.0,GENERAL,87744,Anil Kumar Singh,BJP,74298,13446,6.04,5.79,222519,232063,95.89
2026,294,Dr. Mosarraf Hossain,TMC,MALE,63.0,GENERAL,96902,Sanjibur Rahaman (bappa),INC,59197,37705,15.52,14.95,242939,252203,96.33
