ac_no,district,region
1,Cooch Behar,North Bengal
2,Cooch Behar,North Bengal
3,Cooch Behar,North Bengal
4,Cooch Behar,North Bengal
5,Cooch Behar,North Bengal
6,Cooch Behar,North Bengal
7,Cooch Behar,North Bengal
8,Cooch Behar,North Bengal
9,Cooch Behar,North Bengal
10,Alipurduar,North Bengal
11,Alipurduar,North Bengal
12,Alipurduar,North Bengal
13,Alipurduar,North Bengal
14,Alipurduar,North Bengal
15,Jalpaiguri,North Bengal
16,Jalpaiguri,North Bengal
17,Jalpaiguri,North Bengal
18,Jalpaiguri,North Bengal
19,Jalpaiguri,North Bengal
20,Jalpaiguri,North Bengal
21,Jalpaiguri,North Bengal
22,Kalimpong,North Bengal
23,Darjeeling,North Bengal
24,Darjeeling,North Bengal
25,Darjeeling,North Bengal
26,Darjeeling,North Bengal
27,Darjeeling,North Bengal
28,Uttar Dinajpur,North Bengal
29,Uttar Dinajpur,North Bengal
30,Uttar Dinajpur,North Bengal
31,Uttar Dinajpur,North Bengal
32,Uttar Dinajpur,North Bengal
33,Uttar Dinajpur,North Bengal
34,Uttar Dinajpur,North Bengal
35,Uttar Dinajpur,North Bengal
36,Uttar Dinajpur,North Bengal
37,Dakshin Dinajpur,North Bengal
38,Dakshin Dinajpur,North Bengal
39,Dakshin Dinajpur,North Bengal
40,Dakshin Dinajpur,North Bengal
41,Dakshin Dinajpur,North Bengal
42,Dakshin Dinajpur,North Bengal
43,Malda,North Bengal
44,Malda,North Bengal
45,Malda,North Bengal
46,Malda,North Bengal
47,Malda,North Bengal
48,Malda,North Bengal
49,Malda,North Bengal
50,Malda,North Bengal
51,Malda,North Bengal
52,Malda,North Bengal
53,Malda,North Bengal
54,Malda,North Bengal
55,Murshidabad,Murshidabad-Nadia
56,Murshidabad,Murshidabad-Nadia
57,Murshidabad,Murshidabad-Nadia
58,Murshidabad,Murshidabad-Nadia
59,Murshidabad,Murshidabad-Nadia
60,Murshidabad,Murshidabad-Nadia
61,Murshidabad,Murshidabad-Nadia
62,Murshidabad,Murshidabad-Nadia
63,Murshidabad,Murshidabad-Nadia
64,Murshidabad,Murshidabad-Nadia
65,Murshidabad,Murshidabad-Nadia
66,Murshidabad,Murshidabad-Nadia
67,Murshidabad,Murshidabad-Nadia
68,Murshidabad,Murshidabad-Nadia
69,Murshidabad,Murshidabad-Nadia
70,Murshidabad,Murshidabad-Nadia
71,Murshidabad,Murshidabad-Nadia
72,Murshidabad,Murshidabad-Nadia
73,Murshidabad,Murshidabad-Nadia
74,Murshidabad,Murshidabad-Nadia
75,Murshidabad,Murshidabad-Nadia
76,Murshidabad,Murshidabad-Nadia
77,Nadia,Murshidabad-Nadia
78,Nadia,Murshidabad-Nadia
79,Nadia,Murshidabad-Nadia
80,Nadia,Murshidabad-Nadia
81,Nadia,Murshidabad-Nadia
82,Nadia,Murshidabad-Nadia
83,Nadia,Murshidabad-Nadia
84,Nadia,Murshidabad-Nadia
85,Nadia,Murshidabad-Nadia
86,Nadia,Murshidabad-Nadia
87,Nadia,Murshidabad-Nadia
88,Nadia,Murshidabad-Nadia
89,Nadia,Murshidabad-Nadia
90,Nadia,Murshidabad-Nadia
91,Nadia,Murshidabad-Nadia
92,Nadia,Murshidabad-Nadia
93,Nadia,Murshidabad-Nadia
94,North 24 Parganas,North 24 Parganas
95,North 24 Parganas,North 24 Parganas
96,North 24 Parganas,North 24 Parganas
97,North 24 Parganas,North 24 Parganas
98,North 24 Parganas,North 24 Parganas
99,North 24 Parganas,North 24 Parganas
100,North 24 Parganas,North 24 Parganas
101,North 24 Parganas,North 24 Parganas
102,North 24 Parganas,North 24 Parganas
103,North 24 Parganas,North 24 Parganas
104,North 24 Parganas,North 24 Parganas
105,North 24 Parganas,North 24 Parganas
106,North 24 Parganas,North 24 Parganas
107,North 24 Parganas,North 24 Parganas
108,North 24 Parganas,North 24 Parganas
109,North 24 Parganas,North 24 Parganas
110,North 24 Parganas,North 24 Parganas
111,North 24 Parganas,North 24 Parganas
112,North 24 Parganas,North 24 Parganas
113,North 24 Parganas,North 24 Parganas
114,North 24 Parganas,North 24 Parganas
115,North 24 Parganas,North 24 Parganas
116,North 24 Parganas,North 24 Parganas
117,North 24 Parganas,North 24 Parganas
118,North 24 Parganas,North 24 Parganas
119,North 24 Parganas,North 24 Parganas
120,North 24 Parganas,North 24 Parganas
121,North 24 Parganas,North 24 Parganas
122,North 24 Parganas,North 24 Parganas
123,North 24 Parganas,North 24 Parganas
124,North 24 Parganas,North 24 Parganas
125,North 24 Parganas,North 24 Parganas
126,North 24 Parganas,North 24 Parganas
127,South 24 Parganas,South 24 Parganas
128,South 24 Parganas,South 24 Parganas
129,South 24 Parganas,South 24 Parganas
130,South 24 Parganas,South 24 Parganas
131,South 24 Parganas,South 24 Parganas
132,South 24 Parganas,South 24 Parganas
133,South 24 Parganas,South 24 Parganas
134,South 24 Parganas,South 24 Parganas
135,South 24 Parganas,South 24 Parganas
136,South 24 Parganas,South 24 Parganas
137,South 24 Parganas,South 24 Parganas
138,South 24 Parganas,South 24 Parganas
139,South 24 Parganas,South 24 Parganas
140,South 24 Parganas,South 24 Parganas
141,South 24 Parganas,South 24 Parganas
142,South 24 Parganas,South 24 Parganas
143,South 24 Parganas,South 24 Parganas
144,South 24 Parganas,South 24 Parganas
145,South 24 Parganas,South 24 Parganas
146,South 24 Parganas,South 24 Parganas
147,South 24 Parganas,South 24 Parganas
148,South 24 Parganas,South 24 Parganas
149,South 24 Parganas,South 24 Parganas
150,South 24 Parganas,South 24 Parganas
151,South 24 Parganas,South 24 Parganas
152,South 24 Parganas,South 24 Parganas
153,South 24 Parganas,South 24 Parganas
154,South 24 Parganas,South 24 Parganas
155,South 24 Parganas,South 24 Parganas
156,South 24 Parganas,South 24 Parganas
157,South 24 Parganas,South 24 Parganas
158,Kolkata,Kolkata & Howrah
159,Kolkata,Kolkata & Howrah
160,Kolkata,Kolkata & Howrah
161,Kolkata,Kolkata & Howrah
162,Kolkata,Kolkata & Howrah
163,Kolkata,Kolkata & Howrah
164,Kolkata,Kolkata & Howrah
165,Kolkata,Kolkata & Howrah
166,Kolkata,Kolkata & Howrah
167,Kolkata,Kolkata & Howrah
168,Kolkata,Kolkata & Howrah
169,Howrah,Kolkata & Howrah
170,Howrah,Kolkata & Howrah
171,Howrah,Kolkata & Howrah
172,Howrah,Kolkata & Howrah
173,Howrah,Kolkata & Howrah
174,Howrah,Kolkata & Howrah
175,Howrah,Kolkata & Howrah
176,Howrah,Kolkata & Howrah
177,Howrah,Kolkata & Howrah
178,Howrah,Kolkata & Howrah
179,Howrah,Kolkata & Howrah
180,Howrah,Kolkata & Howrah
181,Howrah,Kolkata & Howrah
182,Howrah,Kolkata & Howrah
183,Howrah,Kolkata & Howrah
184,Howrah,Kolkata & Howrah
185,Hooghly,Hooghly & Purba Medinipur
186,Hooghly,Hooghly & Purba Medinipur
187,Hooghly,Hooghly & Purba Medinipur
188,Hooghly,Hooghly & Purba Medinipur
189,Hooghly,Hooghly & Purba Medinipur
190,Hooghly,Hooghly & Purba Medinipur
191,Hooghly,Hooghly & Purba Medinipur
192,Hooghly,Hooghly & Purba Medinipur
193,Hooghly,Hooghly & Purba Medinipur
194,Hooghly,Hooghly & Purba Medinipur
195,Hooghly,Hooghly & Purba Medinipur
196,Hooghly,Hooghly & Purba Medinipur
197,Hooghly,Hooghly & Purba Medinipur
198,Hooghly,Hooghly & Purba Medinipur
199,Hooghly,Hooghly & Purba Medinipur
200,Hooghly,Hooghly & Purba Medinipur
201,Hooghly,Hooghly & Purba Medinipur
202,Hooghly,Hooghly & Purba Medinipur
203,Purba Medinipur,Hooghly & Purba Medinipur
204,Purba Medinipur,Hooghly & Purba Medinipur
205,Purba Medinipur,Hooghly & Purba Medinipur
206,Purba Medinipur,Hooghly & Purba Medinipur
207,Purba Medinipur,Hooghly & Purba Medinipur
208,Purba Medinipur,Hooghly & Purba Medinipur
209,Purba Medinipur,Hooghly & Purba Medinipur
210,Purba Medinipur,Hooghly & Purba Medinipur
211,Purba Medinipur,Hooghly & Purba Medinipur
212,Purba Medinipur,Hooghly & Purba Medinipur
213,Purba Medinipur,Hooghly & Purba Medinipur
214,Purba Medinipur,Hooghly & Purba Medinipur
215,Purba Medinipur,Hooghly & Purba Medinipur
216,Purba Medinipur,Hooghly & Purba Medinipur
217,Purba Medinipur,Hooghly & Purba Medinipur
218,Purba Medinipur,Hooghly & Purba Medinipur
219,Paschim Medinipur,Jangalmahal
220,Jhargram,Jangalmahal
221,Jhargram,Jangalmahal
222,Jhargram,Jangalmahal
223,Paschim Medinipur,Jangalmahal
224,Paschim Medinipur,Jangalmahal
225,Paschim Medinipur,Jangalmahal
226,Paschim Medinipur,Jangalmahal
227,Paschim Medinipur,Jangalmahal
228,Paschim Medinipur,Jangalmahal
229,Paschim Medinipur,Jangalmahal
230,Paschim Medinipur,Jangalmahal
231,Paschim Medinipur,Jangalmahal
232,Paschim Medinipur,Jangalmahal
233,Paschim Medinipur,Jangalmahal
234,Paschim Medinipur,Jangalmahal
235,Paschim Medinipur,Jangalmahal
236,Paschim Medinipur,Jangalmahal
237,Jhargram,Jangalmahal
238,Purulia,Jangalmahal
239,Purulia,Jangalmahal
240,Purulia,Jangalmahal
241,Purulia,Jangalmahal
242,Purulia,Jangalmahal
243,Purulia,Jangalmahal
244,Purulia,Jangalmahal
245,Purulia,Jangalmahal
246,Purulia,Jangalmahal
247,Bankura,Jangalmahal
248,Bankura,Jangalmahal
249,Bankura,Jangalmahal
250,Bankura,Jangalmahal
251,Bankura,Jangalmahal
252,Bankura,Jangalmahal
253,Bankura,Jangalmahal
254,Bankura,Jangalmahal
255,Bankura,Jangalmahal
256,Bankura,Jangalmahal
257,Bankura,Jangalmahal
258,Bankura,Jangalmahal
259,Purba Bardhaman,Rarh Bengal
260,Purba Bardhaman,Rarh Bengal
261,Purba Bardhaman,Rarh Bengal
262,Purba Bardhaman,Rarh Bengal
263,Purba Bardhaman,Rarh Bengal
264,Purba Bardhaman,Rarh Bengal
265,Purba Bardhaman,Rarh Bengal
266,Purba Bardhaman,Rarh Bengal
267,Purba Bardhaman,Rarh Bengal
268,Purba Bardhaman,Rarh Bengal
269,Purba Bardhaman,Rarh Bengal
270,Purba Bardhaman,Rarh Bengal
271,Purba Bardhaman,Rarh Bengal
272,Purba Bardhaman,Rarh Bengal
273,Purba Bardhaman,Rarh Bengal
274,Purba Bardhaman,Rarh Bengal
275,Paschim Bardhaman,Rarh Bengal
276,Paschim Bardhaman,Rarh Bengal
277,Paschim Bardhaman,Rarh Bengal
278,Paschim Bardhaman,Rarh Bengal
279,Paschim Bardhaman,Rarh Bengal
280,Paschim Bardhaman,Rarh Bengal
281,Paschim Bardhaman,Rarh Bengal
282,Paschim Bardhaman,Rarh Bengal
283,Paschim Bardhaman,Rarh Bengal
284,Birbhum,Rarh Bengal
285,Birbhum,Rarh Bengal
286,Birbhum,Rarh Bengal
287,Birbhum,Rarh Bengal
288,Birbhum,Rarh Bengal
289,Birbhum,Rarh Bengal
290,Birbhum,Rarh Bengal
291,Birbhum,Rarh Bengal
292,Birbhum,Rarh Bengal
293,Birbhum,Rarh Bengal
294,Birbhum,Rarh Bengal
