ac_no,ac_name,district,region,reservation,winner_2021,winner_2026,winner_name_2021,winner_name_2026,margin_2021,margin_2026,margin_pct_2021,margin_pct_2026,roll_2021,roll_2026,turnout_2021,turnout_2026,tmc_votes_2021,tmc_votes_2026,bjp_votes_2021,bjp_votes_2026,other_votes_2021,other_votes_2026,total_votes_2021,total_votes_2026,roll_change_pct,turnout_change_pts,outcome,flipped
1,MEKLIGANJ,Cooch Behar,North Bengal,SC,TMC,BJP,ADHIKARY PARESH CHANDRA,Dadhiram Ray,14685,29584.0,7.39,13.52,226465,224781.0,87.76,97.37,99338.0,89525.0,84653.0,119109.0,12306.0,8099.0,196297.0,216733.0,-0.74,9.61,TMC to BJP,Flipped
2,MATHABHANGA,Cooch Behar,North Bengal,SC,BJP,BJP,Sushil Barman,Nishith Pramanik,26134,57090.0,12.2,23.61,248022,249135.0,86.36,97.07,87115.0,86250.0,113249.0,143340.0,12396.0,11342.0,212760.0,240932.0,0.45,10.71,Held,Held
3,COOCHBEHAR UTTAR,Cooch Behar,North Bengal,SC,BJP,BJP,SUKUMAR ROY,Sukumar Ray,14615,70384.0,5.99,27.69,282988,264197.0,86.19,96.21,105868.0,84943.0,120483.0,155327.0,15995.0,12086.0,242346.0,252356.0,-6.64,10.02,Held,Held
4,COOCHBEHAR DAKSHIN,Cooch Behar,North Bengal,GEN,BJP,BJP,Nikhil Ranjan Dey,Rathindra Bose,4931,23284.0,2.52,11.34,233839,214440.0,83.61,95.79,86629.0,85198.0,91560.0,108482.0,15852.0,9963.0,194041.0,203643.0,-8.3,12.18,Held,Held
5,SITALKUCHI,Cooch Behar,North Bengal,SC,BJP,BJP,Baren Chandra Barman,Sabitri Barman,17815,25278.0,7.24,9.03,285260,285874.0,86.23,97.88,107140.0,119089.0,124955.0,144367.0,11128.0,14712.0,243223.0,278168.0,0.22,11.65,Held,Held
6,SITAI,Cooch Behar,North Bengal,SC,TMC,TMC,JAGADISH CHANDRA BARMA BASUNIA,Sangita Roy,10112,2721.0,4.24,1.03,290568,273362.0,82.11,97.06,117908.0,128188.0,107796.0,125467.0,11297.0,10340.0,237001.0,263995.0,-5.92,14.95,Held,Held
7,DINHATA,Cooch Behar,North Bengal,GEN,BJP,BJP,NISITH PRAMANIK,Ajay Ray,57,17447.0,0.02,6.51,299251,278074.0,81.45,96.35,115978.0,120808.0,116035.0,138255.0,10201.0,7048.0,242214.0,266111.0,-7.08,14.9,Held,Held
8,NATABARI,Cooch Behar,North Bengal,GEN,BJP,BJP,Mihir Goswami,Girija Shankar Ray,23440,34613.0,10.79,14.87,245040,240383.0,88.63,96.81,88303.0,92298.0,111743.0,126911.0,15981.0,12394.0,216027.0,231603.0,-1.9,8.18,Held,Held
9,TUFANGANJ,Cooch Behar,North Bengal,GEN,BJP,BJP,Malati Rava Roy,Malati Rava Roy,31198,26457.0,14.9,11.46,234311,238111.0,89.36,96.94,83305.0,96068.0,114503.0,122525.0,9501.0,10815.0,207309.0,229408.0,1.62,7.58,Held,Held
10,KUMARGRAM,Alipurduar,North Bengal,ST,BJP,BJP,MANOJ KUMAR ORAON,Manoj Kumar Oraon,11001,52877.0,4.73,21.42,272924,260288.0,85.18,94.83,100973.0,90167.0,111974.0,143044.0,16824.0,10692.0,229771.0,243903.0,-4.63,9.65,Held,Held
11,KALCHINI,Alipurduar,North Bengal,ST,BJP,BJP,BISHAL LAMA,Bishal Lama,28576,37843.0,14.59,18.68,247425,222332.0,79.14,91.13,74528.0,76916.0,103104.0,114759.0,15806.0,9137.0,193438.0,200812.0,-10.14,11.99,Held,Held
12,ALIPURDUARS,Alipurduar,North Bengal,GEN,BJP,BJP,SUMAN KANJILAL,Paritosh Das,16007,70420.0,7.19,30.29,260652,245304.0,85.45,94.77,91326.0,72822.0,107333.0,143242.0,22092.0,13782.0,220751.0,229846.0,-5.89,9.32,Held,Held
13,FALAKATA,Alipurduar,North Bengal,SC,BJP,BJP,DIPAK BARMAN,Dipak Barman,3990,45999.0,1.81,19.49,254554,245799.0,86.62,95.99,99003.0,88371.0,102993.0,134370.0,16534.0,11780.0,218530.0,234521.0,-3.44,9.37,Held,Held
14,MADARIHAT,Alipurduar,North Bengal,ST,BJP,BJP,MANOJ TIGGA,Laxuman Limbu,29685,40910.0,17.78,23.15,212651,194663.0,78.49,90.8,61033.0,61578.0,90718.0,102488.0,12547.0,10807.0,164298.0,174873.0,-8.46,12.31,Held,Held
15,DHUPGURI,Jalpaiguri,North Bengal,SC,BJP,BJP,BISHNU PADA RAY,Naresh Roy,4355,38550.0,1.9,15.51,263118,258677.0,87.16,96.06,100333.0,96248.0,104688.0,134798.0,22318.0,16291.0,227339.0,247337.0,-1.69,8.9,Held,Held
16,MAYNAGURI,Jalpaiguri,North Bengal,SC,BJP,BJP,Kaushik Roy,Dalim Chandra Roy,11911,56503.0,5.05,22.47,264265,259205.0,89.34,97.01,103395.0,90900.0,115306.0,147403.0,14297.0,11014.0,232998.0,249317.0,-1.91,7.67,Held,Held
17,JALPAIGURI,Jalpaiguri,North Bengal,SC,TMC,BJP,DR. PRADIP KUMAR BARMA,Ananta Deb Adhikary,941,68805.0,0.42,28.93,262500,251217.0,86.07,94.68,95668.0,74182.0,94727.0,142987.0,32157.0,18079.0,222552.0,235248.0,-4.3,8.61,TMC to BJP,Flipped
18,RAJGANJ,Jalpaiguri,North Bengal,SC,TMC,BJP,KHAGESWAR ROY,Dinesh Sarkar,15773,21477.0,7.31,9.57,244163,231186.0,88.37,97.06,104641.0,93180.0,88868.0,114657.0,19071.0,15220.0,212580.0,223057.0,-5.31,8.69,TMC to BJP,Flipped
19,DABGRAM-FULBARI,Jalpaiguri,North Bengal,GEN,BJP,BJP,Sikha Chatterjee,Sikha Chatterjee,27593,97715.0,10.65,38.79,310354,264767.0,83.44,95.14,101495.0,68585.0,129088.0,166300.0,25007.0,15883.0,255590.0,250768.0,-14.69,11.7,Held,Held
20,MAL,Jalpaiguri,North Bengal,ST,TMC,BJP,BULU CHIK BARAIK,Sukra Munda,5465,15492.0,2.56,6.9,255570,238092.0,83.44,94.27,99086.0,96603.0,93621.0,112095.0,15849.0,12736.0,208556.0,221434.0,-6.84,10.83,TMC to BJP,Flipped
21,NAGRAKATA,Jalpaiguri,North Bengal,ST,BJP,BJP,PUNA BHENGRA,Puna Bhengra,23475,25858.0,12.28,12.68,237305,220932.0,80.56,92.32,71247.0,77620.0,94722.0,103478.0,19746.0,19978.0,185715.0,201076.0,-6.9,11.76,Held,Held
22,KALIMPONG,Kalimpong,North Bengal,GEN,IND,BJP,RUDEN SADA LEPCHA,Bharat Kumar Chetri,3870,21464.0,2.5,12.66,211896,203506.0,73.08,83.28,0.0,0.0,54336.0,84290.0,98367.0,83127.0,152703.0,167417.0,-3.96,10.2,IND to BJP,Flipped
23,DARJEELING,Darjeeling,North Bengal,GEN,BJP,BJP,NEERAJ TAMANG ZIMBA,Noman Rai,21276,6057.0,12.62,3.48,246663,210995.0,68.34,82.37,0.0,0.0,68907.0,62076.0,97128.0,109691.0,166035.0,171767.0,-14.46,14.03,Held,Held
24,KURSEONG,Darjeeling,North Bengal,GEN,BJP,BJP,Bishnu Prasad Sharma (alias B.P. Bajgain),Sonam Lama,15515,17007.0,8.84,9.35,236477,218103.0,74.23,83.37,0.0,0.0,73475.0,74878.0,99653.0,105187.0,173128.0,180065.0,-7.77,9.14,Held,Held
25,MATIGARA-NAXALBARI,Darjeeling,North Bengal,SC,BJP,BJP,Anandamay Barman,Anandamay Barman,70848,104265.0,29.45,41.54,287565,270154.0,83.66,92.9,68937.0,62640.0,139785.0,166905.0,27957.0,19629.0,236679.0,249174.0,-6.05,9.24,Held,Held
26,SILIGURI,Darjeeling,North Bengal,GEN,BJP,BJP,Sankar Ghosh,Shankar Ghosh,35586,73192.0,19.92,39.87,228406,201008.0,78.22,91.33,53784.0,47568.0,89370.0,120760.0,33422.0,14021.0,176576.0,182349.0,-12.0,13.11,Held,Held
27,PHANSIDEWA,Darjeeling,North Bengal,ST,BJP,BJP,Durga Murmu,Durga Murmu,27711,45263.0,13.35,21.79,240496,217918.0,86.32,95.33,77940.0,72978.0,105651.0,118241.0,21424.0,14320.0,205015.0,205539.0,-9.39,9.01,Held,Held
28,CHOPRA,Uttar Dinajpur,North Bengal,GEN,TMC,TMC,HAMIDUL RAHAMAN,Hamidul Rahaman,64905,69124.0,31.8,32.73,247764,219393.0,82.38,96.25,124923.0,120986.0,60018.0,51862.0,17638.0,37090.0,202579.0,209938.0,-11.45,13.87,Held,Held
29,ISLAMPUR,Uttar Dinajpur,North Bengal,GEN,TMC,TMC,ABDUL KARIM CHOWDHARY,Agarwal Kanaia Lal,37440,40063.0,22.03,21.54,219728,202385.0,77.36,91.88,100131.0,108117.0,62691.0,68054.0,5176.0,7770.0,167998.0,183941.0,-7.89,14.52,Held,Held
30,GOALPOKHAR,Uttar Dinajpur,North Bengal,GEN,TMC,TMC,MD. GHULAM RABBANI,Md Ghulam Rabbani,73514,83790.0,45.51,45.74,224633,199566.0,71.91,91.79,105649.0,122105.0,32135.0,38315.0,21735.0,21822.0,159519.0,182242.0,-11.16,19.88,Held,Held
31,CHAKULIA,Uttar Dinajpur,North Bengal,GEN,TMC,TMC,AZAD MINHAJUL ARFIN,Azad Minhajul Arfin,33837,28011.0,19.51,14.07,233378,216163.0,74.3,92.12,86311.0,90277.0,52474.0,62266.0,33429.0,44858.0,172214.0,197401.0,-7.38,17.82,Held,Held
32,KARANDIGHI,Uttar Dinajpur,North Bengal,GEN,TMC,BJP,GOUTAM PAUL,Biraj Biswas,36626,19869.0,17.18,9.03,262583,231680.0,81.17,94.95,116594.0,76391.0,79968.0,96260.0,14125.0,45675.0,210687.0,218326.0,-11.77,13.78,TMC to BJP,Flipped
33,HEMTABAD,Uttar Dinajpur,North Bengal,SC,TMC,BJP,SATYAJIT BARMAN,Haripada Barman,27215,12361.0,12.19,5.16,265318,246863.0,84.16,96.97,116425.0,103168.0,89210.0,115529.0,15506.0,19918.0,221141.0,238615.0,-6.96,12.81,TMC to BJP,Flipped
34,KALIAGANJ,Uttar Dinajpur,North Bengal,SC,BJP,BJP,SOUMEN ROY,Utpal Brahmacharo,21820,76425.0,9.1,29.6,282575,268580.0,84.84,96.14,94948.0,81924.0,116768.0,158349.0,25003.0,14959.0,236719.0,255232.0,-4.95,11.3,Held,Held
35,RAIGANJ,Uttar Dinajpur,North Bengal,GEN,BJP,BJP,KRISHNA KALYANI,Koushik Chowdhury,20748,58641.0,12.86,35.58,198780,174464.0,81.17,94.46,59027.0,46920.0,79775.0,105561.0,20077.0,10669.0,158879.0,163150.0,-12.23,13.29,Held,Held
36,ITAHAR,Uttar Dinajpur,North Bengal,GEN,TMC,TMC,MOSARAF HUSSEN,Mosaraf Hussen,43975,27878.0,22.67,13.66,229362,211669.0,84.58,96.45,114645.0,98172.0,70670.0,70294.0,7431.0,34994.0,192746.0,203460.0,-7.71,11.87,Held,Held
37,KUSHMANDI,Dakshin Dinajpur,North Bengal,SC,TMC,BJP,REKHA ROY,Tapas Chandra Roy,12584,9063.0,6.84,4.54,219921,206031.0,83.7,96.84,89968.0,88374.0,77384.0,97437.0,15125.0,12131.0,182477.0,197942.0,-6.32,13.14,TMC to BJP,Flipped
38,KUMARGANJ,Dakshin Dinajpur,North Bengal,GEN,TMC,TMC,TORAF HOSSAIN MANDAL,Toraf Hossain Mandal,29367,6685.0,17.18,3.84,203986,180629.0,83.79,96.26,89763.0,82791.0,60396.0,76106.0,19644.0,14183.0,169803.0,173080.0,-11.45,12.47,Held,Held
39,BALURGHAT,Dakshin Dinajpur,North Bengal,GEN,BJP,BJP,Ashok Kumar Lahiri,Bidyut Kumar Roy,13436,47576.0,8.83,30.06,180390,167310.0,84.31,94.61,58693.0,48121.0,72129.0,95697.0,19440.0,13034.0,150262.0,156852.0,-7.25,10.3,Held,Held
40,TAPAN,Dakshin Dinajpur,North Bengal,ST,BJP,BJP,BUDHRAI TUDU,Budhrai Tudu,1650,36987.0,0.89,19.81,220236,195260.0,84.6,95.62,82731.0,68793.0,84381.0,105780.0,17494.0,10688.0,184606.0,185261.0,-11.34,11.02,Held,Held
41,GANGARAMPUR,Dakshin Dinajpur,North Bengal,SC,BJP,BJP,SATYENDRA NATH RAY,Satyendra Nath Roy,4592,28339.0,2.42,14.7,224040,200464.0,84.58,96.19,84132.0,76744.0,88724.0,105083.0,15477.0,9558.0,188333.0,191385.0,-10.52,11.61,Held,Held
42,HARIRAMPUR,Dakshin Dinajpur,North Bengal,GEN,TMC,TMC,BIPLAB MITRA,Biplab Mitra,22672,1986.0,12.08,0.97,228189,211506.0,82.23,96.49,96131.0,93098.0,73459.0,91112.0,16229.0,18851.0,185819.0,203061.0,-7.31,14.26,Held,Held
43,HABIBPUR,Malda,North Bengal,ST,BJP,BJP,JOYEL MURMU,Joyel Murmu,19517,78188.0,9.86,34.35,249557,238515.0,79.34,95.43,74558.0,63874.0,94075.0,142062.0,27194.0,19558.0,195827.0,225494.0,-4.42,16.09,Held,Held
44,GAZOLE,Malda,North Bengal,SC,BJP,BJP,CHINMOY DEB BARMAN,Chinmoy Deb Barman,1798,38192.0,0.81,15.66,267096,255389.0,82.82,95.5,98857.0,93349.0,100655.0,131541.0,19966.0,17502.0,219478.0,242392.0,-4.38,12.68,Held,Held
45,CHANCHAL,Malda,North Bengal,GEN,TMC,TMC,Nihar Ranjan Ghosh,Prasun Banerjee,67338,63874.0,33.72,27.25,249402,244678.0,80.06,95.8,115966.0,128014.0,48628.0,64140.0,34062.0,41474.0,198656.0,233628.0,-1.89,15.74,Held,Held
46,HARISCHANDRAPUR,Malda,North Bengal,GEN,TMC,TMC,TAJMUL HOSSAIN,Md. Matibur Rahaman,77473,48271.0,38.14,21.26,252487,239042.0,80.46,95.0,122527.0,113104.0,45054.0,64833.0,34560.0,48208.0,202141.0,226145.0,-5.33,14.54,Held,Held
47,MALATIPUR,Malda,North Bengal,GEN,TMC,TMC,ABDUR RAHIM BOXI,Abdur Rahim Boxi,91949,59747.0,49.57,29.57,231907,212732.0,79.98,94.97,126157.0,104123.0,34208.0,43346.0,23085.0,53113.0,183450.0,200582.0,-8.27,14.99,Held,Held
48,RATUA,Malda,North Bengal,GEN,TMC,TMC,Samar Mukherjee,Samar Mukherjee,75650,32562.0,34.52,13.97,282451,247168.0,77.59,94.32,130674.0,106834.0,55024.0,74272.0,31399.0,50585.0,217097.0,231691.0,-12.49,16.73,Held,Held
49,MANIKCHAK,Malda,North Bengal,GEN,TMC,BJP,SABITRI MITRA,Gour Chandra Mandal,33878,13938.0,16.37,6.18,253353,236535.0,81.7,95.28,110234.0,96180.0,76356.0,110118.0,19034.0,17864.0,205624.0,224162.0,-6.64,13.58,TMC to BJP,Flipped
50,MALDAHA,Malda,North Bengal,SC,BJP,BJP,Gopal Chandra Saha,Gopal Chandra Saha,15456,50128.0,7.49,22.7,245962,231841.0,83.95,95.24,77942.0,73528.0,93398.0,123656.0,32331.0,21412.0,203671.0,218596.0,-5.74,11.29,Held,Held
51,ENGLISH BAZAR,Malda,North Bengal,GEN,BJP,BJP,SREERUPA MITRA CHAUDHURY(NIRBHOY DIDI),Amlan Bhaduri (buro),20099,93784.0,9.32,39.98,275296,249659.0,78.34,93.95,87656.0,60312.0,107755.0,154096.0,17068.0,18425.0,212479.0,232833.0,-9.31,15.61,Held,Held
52,MOTHABARI,Malda,North Bengal,GEN,TMC,TMC,YEASMIN SABINA,Islam Md Najrul,56573,10496.0,34.68,6.47,196324,169594.0,83.1,95.63,97397.0,65705.0,40824.0,55209.0,22783.0,39936.0,161004.0,160850.0,-13.62,12.53,Held,Held
53,SUJAPUR,Malda,North Bengal,GEN,TMC,TMC,Md Abdul Ghani,Sabina Yeasmin,130163,60287.0,62.7,26.54,251186,236585.0,82.64,96.0,152445.0,112795.0,14789.0,20066.0,38830.0,93312.0,206064.0,226173.0,-5.81,13.36,Held,Held
54,BAISNABNAGAR,Malda,North Bengal,GEN,TMC,BJP,CHANDANA SARKAR,Raju Karmakar,2471,46881.0,1.18,20.85,246956,234158.0,84.49,96.02,83061.0,61811.0,80590.0,108692.0,43296.0,52547.0,206947.0,223050.0,-5.18,11.53,TMC to BJP,Flipped
55,FARAKKA,Murshidabad,Murshidabad-Nadia,GEN,TMC,INC,MANIRUL ISLAM,Motab Shaikh,59945,8193.0,32.16,4.69,227549,181811.0,81.93,96.17,102319.0,47256.0,42374.0,54857.0,40093.0,70945.0,184786.0,173058.0,-20.1,14.24,TMC to INC,Flipped
56,SAMSERGANJ,Murshidabad,Murshidabad-Nadia,GEN,TMC,TMC,Amirul Islam,Mohammed Noor Alam,26379,7587.0,13.99,4.88,235576,161502.0,80.05,96.24,96417.0,61918.0,10800.0,34522.0,78301.0,57336.0,185518.0,153776.0,-31.44,16.19,Held,Held
57,SUTI,Murshidabad,Murshidabad-Nadia,GEN,TMC,TMC,EMANI BISWAS,Emani Biswas,70701,12357.0,32.68,5.6,265418,229360.0,81.5,96.29,127351.0,81330.0,56650.0,68973.0,29603.0,68814.0,213604.0,219117.0,-13.59,14.79,Held,Held
58,JANGIPUR,Murshidabad,Murshidabad-Nadia,GEN,TMC,BJP,JAKIR HOSSAIN,Chitta Mukherjee,92480,10542.0,46.65,4.96,255064,221206.0,77.73,96.11,136444.0,80659.0,43964.0,91201.0,13298.0,39603.0,193706.0,211463.0,-13.27,18.38,TMC to BJP,Flipped
59,RAGHUNATHGANJ,Murshidabad,Murshidabad-Nadia,GEN,TMC,TMC,Akhruzzaman,Akhruzzaman,98313,40555.0,51.61,20.82,249559,200586.0,76.33,97.1,126834.0,88909.0,28521.0,35184.0,32185.0,68719.0,187540.0,192812.0,-19.62,20.77,Held,Held
60,SAGARDIGHI,Murshidabad,Murshidabad-Nadia,GEN,TMC,TMC,SUBRATA SAHA,Bayron Biswas,50206,34260.0,26.87,16.5,236885,217262.0,78.86,95.58,95189.0,90781.0,44983.0,56521.0,44939.0,58420.0,185111.0,205722.0,-8.28,16.72,Held,Held
61,LALGOLA,Murshidabad,Murshidabad-Nadia,GEN,TMC,TMC,ALI MOHAMMAD,Abdul Aziz Doctor,60707,18960.0,31.88,10.52,234381,186332.0,81.25,96.69,107860.0,67954.0,29464.0,35496.0,51720.0,75673.0,189044.0,179123.0,-20.5,15.44,Held,Held
62,BHAGAWANGOLA,Murshidabad,Murshidabad-Nadia,GEN,TMC,TMC,IDRIS ALI,Reyat Hossain Sarkar,106008,56407.0,46.91,25.85,263765,224767.0,85.68,97.09,153795.0,105997.0,16707.0,23104.0,52092.0,88030.0,222594.0,217131.0,-14.79,11.41,Held,Held
63,RANINAGAR,Murshidabad,Murshidabad-Nadia,GEN,TMC,INC,ABDUL SOUMIK HOSSAIN,Julfikar Ali,79702,2701.0,35.9,1.14,256101,244547.0,86.69,97.0,134957.0,76722.0,21138.0,22728.0,63147.0,135512.0,219242.0,234962.0,-4.51,10.31,TMC to INC,Flipped
64,MURSHIDABAD,Murshidabad,Murshidabad-Nadia,GEN,BJP,BJP,GOURI SANKAR GHOSH,Gouri Sankar Ghosh,2491,31521.0,1.09,13.27,268221,248676.0,85.46,95.52,93476.0,82922.0,95967.0,114443.0,36884.0,38727.0,226327.0,236092.0,-7.29,10.06,Held,Held
65,NABAGRAM,Murshidabad,Murshidabad-Nadia,SC,TMC,BJP,KANAI CHANDRA MONDAL,Dilip Saha,35533,5919.0,17.04,2.67,251378,243554.0,82.95,90.98,100455.0,72820.0,64922.0,78739.0,40510.0,68138.0,205887.0,219697.0,-3.11,8.03,TMC to BJP,Flipped
66,KHARGRAM,Murshidabad,Murshidabad-Nadia,SC,TMC,BJP,ASHIS MARJIT,Mitali Mal,32573,9333.0,17.52,4.56,228923,231076.0,81.22,88.49,93255.0,68415.0,60682.0,77748.0,30314.0,56435.0,184251.0,202598.0,0.94,7.27,TMC to BJP,Flipped
67,BURWAN,Murshidabad,Murshidabad-Nadia,SC,TMC,BJP,JIBAN KRISHNA SAHA,Sukhen Kumar Bagdi,2749,22300.0,1.55,11.8,217500,214906.0,81.29,87.91,81890.0,69361.0,79141.0,91661.0,13764.0,25395.0,174795.0,186417.0,-1.19,6.62,TMC to BJP,Flipped
68,KANDI,Murshidabad,Murshidabad-Nadia,GEN,TMC,BJP,APURBA SARKAR (DAVID),Gargi Das Ghosh,38080,10335.0,20.42,5.18,238973,234139.0,78.03,85.19,95399.0,63020.0,57319.0,73355.0,30632.0,60153.0,183350.0,196528.0,-2.02,7.16,TMC to BJP,Flipped
69,BHARATPUR,Murshidabad,Murshidabad-Nadia,GEN,TMC,TMC,HUMAYUN KABIR,Mustafijur Rahaman (suman),43083,30753.0,22.79,14.34,243603,240461.0,77.6,89.17,96226.0,90870.0,53143.0,60117.0,37234.0,61817.0,186603.0,212804.0,-1.29,11.57,Held,Held
70,REJINAGAR,Murshidabad,Murshidabad-Nadia,GEN,TMC,AJUP,RABIUL ALAM CHOWDHURY,Humayun Kabir,68268,58876.0,32.44,24.6,259771,257373.0,81.01,92.98,118494.0,41718.0,50226.0,64660.0,40165.0,131283.0,208885.0,237661.0,-0.92,11.97,TMC to AJUP,Flipped
71,BELDANGA,Murshidabad,Murshidabad-Nadia,GEN,TMC,BJP,HASANUZZAMAN SK,Bharat Kumar Jhawar,53832,13208.0,26.32,5.78,252944,244767.0,80.85,93.39,112862.0,59664.0,59030.0,72872.0,31251.0,94276.0,203143.0,226812.0,-3.23,12.54,TMC to BJP,Flipped
72,BAHARAMPUR,Murshidabad,Murshidabad-Nadia,GEN,BJP,BJP,Subrata Maitra (Kanchan),Subrata Maitra (kanchan),26852,17548.0,13.59,7.82,260667,241429.0,75.81,92.89,62488.0,49586.0,89340.0,91088.0,43254.0,82235.0,195082.0,222909.0,-7.38,17.08,Held,Held
73,HARIHARPARA,Murshidabad,Murshidabad-Nadia,GEN,TMC,TMC,NIAMOT SHEIKH,Niamot Sheikh,14066,12665.0,6.51,5.38,247421,245668.0,87.33,95.78,102660.0,80338.0,18378.0,32057.0,93920.0,121601.0,214958.0,233996.0,-0.71,8.45,Held,Held
74,NOWDA,Murshidabad,Murshidabad-Nadia,GEN,TMC,AJUP,SAHINA MOMTAZ KHAN,Humayun Kabir,74153,27943.0,36.65,12.61,247688,236256.0,81.7,93.8,117684.0,51867.0,43531.0,58520.0,39826.0,110095.0,201041.0,220482.0,-4.62,12.1,TMC to AJUP,Flipped
75,DOMKAL,Murshidabad,Murshidabad-Nadia,GEN,TMC,CPI(M),JAFIKUL ISLAM,Md. Mostafijur Rahaman,47229,16296.0,20.88,6.32,266283,267693.0,84.94,96.3,127671.0,91586.0,12348.0,13180.0,83745.0,151817.0,223764.0,256583.0,0.53,11.36,TMC to CPI(M),Flipped
76,JALANGI,Murshidabad,Murshidabad-Nadia,GEN,TMC,TMC,ABDUR RAZZAK,Babar Ali,79276,21516.0,35.68,8.49,261258,263066.0,85.04,96.29,123840.0,88684.0,43773.0,51693.0,52003.0,111584.0,219616.0,251961.0,0.69,11.25,Held,Held
77,KARIMPUR,Nadia,Murshidabad-Nadia,GEN,TMC,BJP,Bimalendu Sinha Roy,Samarendranath Ghosh,23575,10185.0,10.64,4.23,251039,253802.0,88.24,94.92,110911.0,95049.0,87336.0,105234.0,21931.0,39493.0,220178.0,239776.0,1.1,6.68,TMC to BJP,Flipped
78,TEHATTA,Nadia,Murshidabad-Nadia,GEN,TMC,BJP,Tapas Kumar Saha,Subrata Kabiraj,6915,28253.0,3.17,12.1,252454,253796.0,86.4,92.04,97848.0,83885.0,90933.0,112138.0,27592.0,36643.0,216373.0,232666.0,0.53,5.64,TMC to BJP,Flipped
79,PALASHIPARA,Nadia,Murshidabad-Nadia,GEN,TMC,TMC,Dr. Manik Bhattacharya,Rukbanur Rahman,51336,11454.0,25.24,5.34,244867,232690.0,83.06,92.25,110274.0,89241.0,58938.0,77787.0,32519.0,45574.0,201731.0,212602.0,-4.97,9.19,Held,Held
80,KALIGANJ,Nadia,Murshidabad-Nadia,GEN,TMC,TMC,NASIRUDDIN AHAMED (LAL),Alifa Ahmed,46987,10172.0,22.44,4.64,248358,233595.0,84.31,93.76,111696.0,89292.0,64709.0,79120.0,30923.0,48506.0,207328.0,216918.0,-5.94,9.45,Held,Held
81,NAKASHIPARA,Nadia,Murshidabad-Nadia,GEN,TMC,BJP,Kallol Khan,Santanu Dey,21271,17327.0,10.15,8.41,247691,219401.0,84.61,93.86,104812.0,83273.0,83541.0,100600.0,20071.0,20174.0,208424.0,204047.0,-11.42,9.25,TMC to BJP,Flipped
82,CHAPRA,Nadia,Murshidabad-Nadia,GEN,TMC,TMC,RUKBANUR RAHMAN,Jeber Sekh,12118,30780.0,5.68,14.6,248014,232860.0,85.95,90.51,73866.0,97085.0,58168.0,66305.0,79118.0,45822.0,211152.0,209212.0,-6.11,4.56,Held,Held
83,KRISHNANAGAR UTTAR,Nadia,Murshidabad-Nadia,GEN,BJP,BJP,MUKUL ROY,Tarak Nath Chatterjee,35089,78361.0,17.39,38.78,238220,217296.0,84.71,92.99,74268.0,54850.0,109357.0,133211.0,16329.0,12804.0,199954.0,200865.0,-8.78,8.28,Held,Held
84,NABADWIP,Nadia,Murshidabad-Nadia,GEN,TMC,BJP,PUNDARIKAKSHYA SAHA,Srutisekhar Goswami,18571,21444.0,8.82,9.83,243159,230481.0,86.61,94.66,102170.0,87187.0,83599.0,108631.0,22476.0,21347.0,208245.0,217165.0,-5.21,8.05,TMC to BJP,Flipped
85,KRISHNANAGAR DAKSHIN,Nadia,Murshidabad-Nadia,GEN,TMC,BJP,UJJAL BISWAS,Sadhan Ghosh,9305,27801.0,4.76,14.11,225118,210686.0,86.93,93.54,91738.0,75061.0,82433.0,102862.0,19349.0,18042.0,193520.0,195965.0,-6.41,6.61,TMC to BJP,Flipped
86,SANTIPUR,Nadia,Murshidabad-Nadia,GEN,BJP,BJP,JAGANNATH SARKAR,Swapan Kumar Das,15878,45376.0,7.23,21.11,255619,227916.0,85.95,94.32,93844.0,72565.0,109722.0,117941.0,13741.0,23537.0,217307.0,214043.0,-10.84,8.37,Held,Held
87,RANAGHAT UTTAR PASCHIM,Nadia,Murshidabad-Nadia,GEN,BJP,BJP,PARTHASARATHI CHATTERJEE,Partha Sarathi Chatterjee(babu),23128,57551.0,10.36,26.5,265846,233327.0,83.96,93.06,90509.0,71495.0,113637.0,129046.0,16789.0,14752.0,220935.0,215293.0,-12.23,9.1,Held,Held
88,KRISHNAGANJ,Nadia,Murshidabad-Nadia,SC,BJP,BJP,ASHIS KUMAR BISWAS,Sukanta Biswas,21277,60899.0,9.17,26.2,273728,254486.0,84.73,91.35,96391.0,78939.0,117668.0,139838.0,15780.0,12767.0,229839.0,231544.0,-7.03,6.62,Held,Held
89,RANAGHAT UTTAR PURBA,Nadia,Murshidabad-Nadia,SC,BJP,BJP,ASHIM BISWAS,Ashim Biswas,31782,51743.0,14.8,24.48,264929,233552.0,81.05,90.51,85004.0,74492.0,116786.0,126235.0,10587.0,8890.0,212377.0,209617.0,-11.84,9.46,Held,Held
90,RANAGHAT DAKSHIN,Nadia,Murshidabad-Nadia,SC,BJP,BJP,MUKUT MANI ADHIKARI,Ashim Kumar Biswas,16515,64464.0,6.83,27.7,285180,254197.0,84.75,91.54,102745.0,75546.0,119260.0,140010.0,18105.0,15906.0,240110.0,231462.0,-10.86,6.79,Held,Held
91,CHAKDAHA,Nadia,Murshidabad-Nadia,GEN,BJP,BJP,Bankim Chandra Ghosh,Bankim Chandra Ghosh,11680,36945.0,5.51,17.53,245514,224671.0,86.38,93.79,87688.0,78488.0,99368.0,115433.0,23521.0,15689.0,210577.0,209610.0,-8.49,7.41,Held,Held
92,KALYANI,Nadia,Murshidabad-Nadia,SC,BJP,BJP,AMBIKA ROY,Anupam Biswas,2206,34792.0,1.0,16.14,257683,230939.0,85.51,93.32,94820.0,79677.0,97026.0,114469.0,25915.0,19421.0,217761.0,213567.0,-10.38,7.81,Held,Held
93,HARINGHATA,Nadia,Murshidabad-Nadia,SC,BJP,BJP,ASIM KUMAR SARKAR,Asim Kumar Sarkar,15200,22055.0,7.21,10.37,240606,225582.0,87.64,94.31,82466.0,85845.0,97666.0,107900.0,29315.0,17436.0,209447.0,211181.0,-6.24,6.67,Held,Held
94,BAGDA,North 24 Parganas,North 24 Parganas,SC,BJP,BJP,Biswajit Das,Soma Thakur,9792,34616.0,4.48,15.94,277464,241642.0,78.85,89.89,98319.0,86691.0,108111.0,121307.0,11341.0,8507.0,217771.0,216505.0,-12.91,11.04,Held,Held
95,BANGAON UTTAR,North 24 Parganas,North 24 Parganas,SC,BJP,BJP,ASHOK KIRTANIA,Ashok Kirtania,10488,40670.0,5.11,19.24,251387,226988.0,81.62,93.11,87273.0,78647.0,97761.0,119317.0,18308.0,11880.0,203342.0,209844.0,-9.71,11.49,Held,Held
96,BANGAON DAKSHIN,North 24 Parganas,North 24 Parganas,SC,BJP,BJP,SWAPAN MAJUMDER,Swapan Majumder,2004,37814.0,0.96,17.82,248278,228861.0,83.71,92.72,95824.0,81585.0,97828.0,119399.0,12640.0,10275.0,206292.0,211259.0,-7.82,9.01,Held,Held
97,GAIGHATA,North 24 Parganas,North 24 Parganas,SC,BJP,BJP,SUBRATA THAKUR,Subrata Thakur,9578,47683.0,4.49,22.79,252053,223535.0,84.6,93.59,91230.0,73639.0,100808.0,121322.0,19796.0,13246.0,211834.0,208207.0,-11.31,8.99,Held,Held
98,SWARUPNAGAR,North 24 Parganas,North 24 Parganas,SC,TMC,TMC,BINA MONDAL,Bina Mondal,34800,16017.0,16.43,7.34,246109,229583.0,86.06,95.01,99784.0,94813.0,64984.0,78796.0,45780.0,43281.0,210548.0,216890.0,-6.71,8.95,Held,Held
99,BADURIA,North 24 Parganas,North 24 Parganas,GEN,TMC,TMC,ABDUR RAHIM QUAZI,Burhanul Mukaddim (liton),56444,40061.0,26.51,17.62,243747,236598.0,87.34,96.1,109701.0,103334.0,53257.0,63273.0,47972.0,59371.0,210930.0,225978.0,-2.93,8.76,Held,Held
100,HABRA,North 24 Parganas,North 24 Parganas,GEN,TMC,BJP,JYOTI PRIYA MALLICK,Debdas Mondal,3841,31462.0,1.88,15.83,242425,209653.0,84.22,94.79,90533.0,73183.0,86692.0,104645.0,25656.0,19921.0,202881.0,197749.0,-13.52,10.57,TMC to BJP,Flipped
101,ASHOKNAGAR,North 24 Parganas,North 24 Parganas,GEN,TMC,BJP,NARAYAN GOSWAMI,Dr. Sumay Hira,23532,9408.0,10.86,4.28,257180,229948.0,84.27,95.57,93587.0,87399.0,70055.0,96807.0,51471.0,34390.0,215113.0,218596.0,-10.59,11.3,TMC to BJP,Flipped
102,AMDANGA,North 24 Parganas,North 24 Parganas,GEN,TMC,TMC,RAFIQUR RAHAMAN,Mohammad Kasem Siddique,25480,2995.0,12.03,1.4,242462,221501.0,87.33,96.39,88935.0,81670.0,63455.0,78675.0,57028.0,51588.0,209418.0,211933.0,-8.65,9.06,Held,Held
103,BIJPUR,North 24 Parganas,North 24 Parganas,GEN,TMC,BJP,SUBODH ADHIKARY,Sudipta Das,13347,13343.0,9.6,9.21,192316,158512.0,72.33,91.4,66625.0,58456.0,53278.0,71799.0,17966.0,13900.0,137869.0,144155.0,-17.58,19.07,TMC to BJP,Flipped
104,NAIHATI,North 24 Parganas,North 24 Parganas,GEN,TMC,BJP,PARTHA BHOWMICK,Sumitro Chatterjee,18855,10430.0,12.05,6.62,193930,171184.0,80.68,92.1,77753.0,67054.0,58898.0,77484.0,18116.0,11939.0,154767.0,156477.0,-11.73,11.42,TMC to BJP,Flipped
105,BHATPARA,North 24 Parganas,North 24 Parganas,GEN,BJP,BJP,PAWAN KUMAR SINGH,Pawan Kumar Singh,13687,22807.0,12.77,21.45,154037,117493.0,69.59,90.49,43557.0,38876.0,57244.0,61683.0,5236.0,4816.0,106037.0,105375.0,-23.72,20.9,Held,Held
106,JAGATDAL,North 24 Parganas,North 24 Parganas,GEN,TMC,BJP,SOMENATH SHYAM ICHINI,Dr. Rajesh Kumar,18364,20909.0,10.13,11.41,233871,196204.0,77.52,93.37,87030.0,73442.0,68666.0,94351.0,23023.0,14428.0,178719.0,182221.0,-16.11,15.85,TMC to BJP,Flipped
107,NOAPARA,North 24 Parganas,North 24 Parganas,GEN,TMC,BJP,MANJU BASU,Arjun Singh,26710,17656.0,13.87,9.05,262153,214216.0,73.48,91.11,94203.0,76759.0,67493.0,94415.0,28052.0,22631.0,189748.0,193805.0,-18.29,17.63,TMC to BJP,Flipped
108,BARRACKPUR,North 24 Parganas,North 24 Parganas,GEN,TMC,BJP,RAJU CHAKRABORTY (RAJ),Kaustuv Bagchi,9222,15822.0,6.22,10.21,215356,171212.0,68.84,90.48,68887.0,62644.0,59665.0,78466.0,17767.0,12611.0,146319.0,153721.0,-20.5,21.64,TMC to BJP,Flipped
109,KHARDAHA,North 24 Parganas,North 24 Parganas,GEN,TMC,BJP,KAJAL SINHA,Kalyan Chakraborti,28140,24486.0,15.36,12.46,232619,210105.0,78.73,93.53,89807.0,73266.0,61667.0,97752.0,29258.0,24171.0,180732.0,195189.0,-9.68,14.8,TMC to BJP,Flipped
110,DUM DUM UTTAR,North 24 Parganas,North 24 Parganas,GEN,TMC,BJP,CHANDRIMA BHATTACHARYA,Sourav Sikdar,28499,26404.0,13.37,11.82,273015,240505.0,78.07,92.87,95465.0,76880.0,66966.0,103284.0,48607.0,41710.0,211038.0,221874.0,-11.91,14.8,TMC to BJP,Flipped
111,PANIHATI,North 24 Parganas,North 24 Parganas,GEN,TMC,BJP,NIRMAL GHOSH,Ratna Debnath,25177,28836.0,14.44,16.48,230748,189867.0,75.56,92.16,86495.0,59141.0,61318.0,87977.0,24209.0,26821.0,172022.0,173939.0,-17.72,16.6,TMC to BJP,Flipped
112,KAMARHATI,North 24 Parganas,North 24 Parganas,GEN,TMC,TMC,MADAN MITRA,Madan Mitra,35408,5646.0,24.54,3.81,197103,162833.0,73.22,91.06,73845.0,64817.0,38437.0,59171.0,30475.0,23139.0,142757.0,147127.0,-17.39,17.84,Held,Held
113,BARANAGAR,North 24 Parganas,North 24 Parganas,GEN,TMC,BJP,TAPAS ROY,Sajal Ghosh,35147,16956.0,21.93,10.01,217774,186656.0,73.59,90.73,85615.0,64774.0,50468.0,81730.0,21798.0,21646.0,157881.0,168150.0,-14.29,17.14,TMC to BJP,Flipped
114,DUM DUM,North 24 Parganas,North 24 Parganas,GEN,TMC,BJP,BRATYA BASU,Arijit Bakshi,26731,25273.0,14.42,12.76,247858,217724.0,74.77,90.99,87999.0,73908.0,61268.0,99181.0,34028.0,23550.0,183295.0,196639.0,-12.16,16.22,TMC to BJP,Flipped
115,RAJARHAT NEW TOWN,North 24 Parganas,North 24 Parganas,GEN,TMC,BJP,TAPASH CHATTERJEE,Piyush Kanodia,56432,316.0,24.02,0.13,289075,267716.0,81.26,94.34,127374.0,106248.0,70942.0,106564.0,34558.0,37956.0,232874.0,250768.0,-7.39,13.08,TMC to BJP,Flipped
116,BIDHANNAGAR,North 24 Parganas,North 24 Parganas,GEN,TMC,BJP,SUJIT BOSE S/O - LATE AJIT BOSE,Sharadwat Mukherjee,7997,37330.0,4.94,21.03,243360,203960.0,66.58,87.02,75912.0,60649.0,67915.0,97979.0,15995.0,17474.0,159822.0,176102.0,-16.19,20.44,TMC to BJP,Flipped
117,RAJARHAT GOPALPUR,North 24 Parganas,North 24 Parganas,GEN,TMC,BJP,ADITI MUNSHI,Tarunjyoti Tewari,25296,27757.0,14.15,14.18,257447,218980.0,69.42,89.38,87650.0,73520.0,62354.0,101277.0,26461.0,19365.0,176465.0,194162.0,-14.94,19.96,TMC to BJP,Flipped
118,MADHYAMGRAM,North 24 Parganas,North 24 Parganas,GEN,TMC,TMC,RATHIN GHOSH,Rathin Ghosh,48126,2399.0,20.89,1.03,272397,244690.0,84.59,95.19,112741.0,95995.0,64615.0,93596.0,49923.0,41851.0,227279.0,231442.0,-10.17,10.6,Held,Held
119,BARASAT,North 24 Parganas,North 24 Parganas,GEN,TMC,BJP,CHIRANJEET CHAKRABARTI,Sankar Chatterjee,23783,34558.0,10.54,14.61,279592,252684.0,80.73,93.64,104431.0,87613.0,80648.0,122171.0,37940.0,25276.0,223019.0,235060.0,-9.62,12.91,TMC to BJP,Flipped
120,DEGANGA,North 24 Parganas,North 24 Parganas,GEN,TMC,TMC,RAHIMA MONDAL,Anisur Rahaman Bidesh,32537,17818.0,15.18,7.63,242652,240229.0,88.35,97.19,100105.0,101114.0,38446.0,41726.0,73729.0,88315.0,212280.0,231155.0,-1.0,8.84,Held,Held
121,HAROA,North 24 Parganas,North 24 Parganas,GEN,TMC,TMC,ISLAM SK NURUL (HAJI),Abdul Matin Muhammad,80978,49341.0,35.61,20.78,259206,243479.0,87.73,97.53,130398.0,117591.0,38506.0,41144.0,55561.0,75897.0,224465.0,234632.0,-6.07,9.8,Held,Held
122,MINAKHAN,North 24 Parganas,North 24 Parganas,SC,TMC,TMC,USHA RANI MONDAL,Usha Rani Mondal,55830,32292.0,26.29,14.96,236528,222038.0,89.78,97.21,109818.0,92079.0,53988.0,59787.0,44606.0,61366.0,208412.0,213232.0,-6.13,7.43,Held,Held
123,SANDESHKHALI,North 24 Parganas,North 24 Parganas,ST,TMC,BJP,SUKUMAR MAHATA,Sanat Sardar,39685,17510.0,19.28,8.1,238633,223320.0,86.24,96.8,112450.0,89679.0,72765.0,107189.0,18116.0,17120.0,203331.0,213988.0,-6.42,10.56,TMC to BJP,Flipped
124,BASIRHAT DAKSHIN,North 24 Parganas,North 24 Parganas,GEN,TMC,TMC,DR. SAPTARSHI BANERJEE,Surajit Mitra (badal),24468,9544.0,10.38,3.81,275934,260723.0,85.43,96.09,115873.0,112965.0,91405.0,103421.0,26770.0,32822.0,234048.0,249208.0,-5.51,10.66,Held,Held
125,BASIRHAT UTTAR,North 24 Parganas,North 24 Parganas,GEN,TMC,TMC,RAFIKUL ISLAM MONDAL,Md. Tauseffur Rahman,89351,57270.0,37.48,24.01,268034,245638.0,88.95,97.12,137216.0,115503.0,47505.0,55211.0,51753.0,66165.0,236474.0,236879.0,-8.36,8.17,Held,Held
126,HINGALGANJ,North 24 Parganas,North 24 Parganas,SC,TMC,BJP,DEBES MANDAL,Rekha Patra,24916,5421.0,12.8,2.62,228508,215357.0,85.2,96.15,104706.0,94786.0,79790.0,100207.0,8449.0,10418.0,192945.0,205411.0,-5.76,10.95,TMC to BJP,Flipped
127,GOSABA,South 24 Parganas,South 24 Parganas,SC,TMC,BJP,JAYANTA NASKAR,Bikarna Naskar,23709,16100.0,12.11,7.62,230348,221427.0,85.01,95.44,105723.0,92392.0,82014.0,108492.0,7054.0,8223.0,194791.0,209107.0,-3.87,10.43,TMC to BJP,Flipped
128,BASANTI,South 24 Parganas,South 24 Parganas,SC,TMC,TMC,SHYAMAL MONDAL,Nilima Mistry Bishal,50642,56181.0,23.67,24.23,260681,240362.0,82.06,96.46,111453.0,127495.0,60811.0,71314.0,39739.0,31649.0,212003.0,230458.0,-7.79,14.4,Held,Held
129,KULTALI,South 24 Parganas,South 24 Parganas,SC,TMC,TMC,Ganesh Chandra Mondal,Ganesh Chandra Mondal,47177,59276.0,20.75,23.38,265561,261761.0,85.61,96.86,117238.0,146435.0,70061.0,87159.0,39004.0,18487.0,226303.0,252081.0,-1.43,11.25,Held,Held
130,PATHARPRATIMA,South 24 Parganas,South 24 Parganas,GEN,TMC,TMC,SAMIR KUMAR JANA,Samir Kumar Jana,22134,4873.0,9.55,1.98,263675,257862.0,87.91,95.42,120181.0,117164.0,98047.0,112291.0,12344.0,15560.0,230572.0,245015.0,-2.2,7.51,Held,Held
131,KAKDWIP,South 24 Parganas,South 24 Parganas,GEN,TMC,BJP,MANTURAM PAKHIRA,Dipankar Jana,25302,4760.0,11.52,2.06,247826,241891.0,88.61,95.62,114493.0,104613.0,89191.0,109373.0,14890.0,16152.0,218574.0,230138.0,-2.39,7.01,TMC to BJP,Flipped
132,SAGAR,South 24 Parganas,South 24 Parganas,GEN,TMC,BJP,BANKIM CHANDRA HAZRA,Sumanta Mandal,29846,7881.0,12.48,3.05,274715,274488.0,87.02,94.03,129000.0,119921.0,99154.0,127802.0,9888.0,9784.0,238042.0,257507.0,-0.08,7.01,TMC to BJP,Flipped
133,KULPI,South 24 Parganas,South 24 Parganas,GEN,TMC,TMC,JOGARANJAN HALDER,Barnali Dhara,33818,10383.0,17.51,5.0,220144,216699.0,87.73,95.85,96577.0,91266.0,62759.0,80883.0,32109.0,34179.0,191445.0,206328.0,-1.56,8.12,Held,Held
134,RAIDIGHI,South 24 Parganas,South 24 Parganas,GEN,TMC,TMC,ALOKE JALDATA,Tapas Mondal S/o-shibprasad Mondal,35568,5957.0,14.9,2.31,273558,267926.0,87.26,96.21,115707.0,118991.0,80139.0,113034.0,41412.0,24596.0,237258.0,256621.0,-2.06,8.95,Held,Held
135,MANDIRBAZAR,South 24 Parganas,South 24 Parganas,SC,TMC,TMC,JOYDEB HALDER,Joydeb Halder S/o - Kartick Chandra Halder,23492,1995.0,11.78,0.94,229129,222142.0,87.06,95.99,95834.0,93686.0,72342.0,91691.0,29492.0,26816.0,197668.0,212193.0,-3.05,8.93,Held,Held
136,JAYNAGAR,South 24 Parganas,South 24 Parganas,SC,TMC,TMC,BISWANATH DAS,Biswanath Das,38683,26350.0,19.11,12.03,239968,227343.0,84.36,96.38,104952.0,108194.0,66269.0,81844.0,30046.0,28166.0,201267.0,218204.0,-5.26,12.02,Held,Held
137,BARUIPUR PURBA,South 24 Parganas,South 24 Parganas,SC,TMC,TMC,BIVAS SARDAR (VOBO),Bivas Sardar,49641,31815.0,22.05,13.41,265091,245159.0,84.92,96.8,123243.0,120987.0,73602.0,89172.0,26414.0,25477.0,223259.0,235636.0,-7.52,11.88,Held,Held
138,CANNING PASCHIM,South 24 Parganas,South 24 Parganas,SC,TMC,TMC,Paresh Ram Das,Paresh Ram Das,35243,40665.0,16.14,17.63,257681,238344.0,84.74,96.79,111059.0,120548.0,75816.0,79883.0,28447.0,27887.0,215322.0,228318.0,-7.5,12.05,Held,Held
139,CANNING PURBA,South 24 Parganas,South 24 Parganas,GEN,TMC,TMC,SAOKAT MOLLA,Md Baharul Islam,53007,91954.0,22.77,38.05,262349,246698.0,88.72,97.96,122301.0,148687.0,34503.0,28593.0,73695.0,62760.0,230499.0,240040.0,-5.97,9.24,Held,Held
140,BARUIPUR PASCHIM,South 24 Parganas,South 24 Parganas,GEN,TMC,TMC,BIMAN BANERJEE,Biman Banerjee,61910,17862.0,29.3,8.08,253749,233239.0,83.27,94.77,121006.0,104781.0,59096.0,86919.0,29655.0,28221.0,209757.0,219921.0,-8.08,11.5,Held,Held
141,MAGRAHAT PURBA,South 24 Parganas,South 24 Parganas,SC,TMC,TMC,NAMITA SAHA,Sarmistha Purkait,54079,31607.0,26.23,14.23,242530,232718.0,85.0,95.47,110945.0,108412.0,56866.0,76805.0,36862.0,36103.0,204673.0,221320.0,-4.05,10.47,Held,Held
142,MAGRAHAT PASCHIM,South 24 Parganas,South 24 Parganas,GEN,TMC,TMC,GIAS UDDIN MOLLA,Md. Samim Ahamed Molla,46941,58503.0,24.16,28.49,229437,217102.0,84.68,94.59,97006.0,113834.0,50065.0,55331.0,44925.0,35067.0,191996.0,204232.0,-5.38,9.91,Held,Held
143,DIAMOND HARBOUR,South 24 Parganas,South 24 Parganas,GEN,TMC,TMC,PANNALAL HALDER,Panna Lal Halder,16996,31266.0,7.54,13.46,255132,245251.0,88.35,94.69,98478.0,119320.0,81482.0,88054.0,43988.0,23485.0,223948.0,230859.0,-3.87,6.34,Held,Held
145,SATGACHHIA,South 24 Parganas,South 24 Parganas,GEN,TMC,BJP,MOHAN CHANDRA NASKAR,Agniswar Naskar,23318,401.0,9.9,0.17,270193,256303.0,87.18,93.39,118635.0,110622.0,95317.0,111023.0,20217.0,16071.0,234169.0,237716.0,-5.14,6.21,TMC to BJP,Flipped
146,BISHNUPUR,South 24 Parganas,South 24 Parganas,SC,TMC,TMC,DILIP MONDAL,Dilip Mondal,58832,36925.0,24.76,14.74,278650,268346.0,85.26,93.38,136509.0,132647.0,77677.0,95722.0,21521.0,20555.0,235707.0,248924.0,-3.7,8.12,Held,Held
147,SONARPUR DAKSHIN,South 24 Parganas,South 24 Parganas,GEN,TMC,BJP,ARUNDHUTI MAITRA (LOVELY),Rupa Ganguly,26181,35782.0,11.25,14.52,288263,261143.0,80.76,94.35,109222.0,93188.0,83041.0,128970.0,37994.0,22285.0,230257.0,244443.0,-9.41,13.59,TMC to BJP,Flipped
148,BHANGAR,South 24 Parganas,South 24 Parganas,GEN,RSSCMJP,AISF,MD. NAWSAD SIDDIQUE,Md Nawsad Siddique,26151,32088.0,10.8,12.0,271897,272748.0,89.07,98.04,83086.0,94467.0,38726.0,30177.0,117130.0,141155.0,238942.0,265799.0,0.31,8.97,RSSCMJP to AISF,Flipped
149,KASBA,South 24 Parganas,South 24 Parganas,GEN,TMC,TMC,AHMED JAVED KHAN,Ahmed Javed Khan,63622,20974.0,28.51,8.7,306266,265693.0,72.86,90.78,121372.0,117893.0,57750.0,96919.0,41556.0,24492.0,220678.0,239304.0,-13.25,17.92,Held,Held
150,JADAVPUR,South 24 Parganas,South 24 Parganas,GEN,TMC,BJP,DEBABRATA MAJUMDAR (MALAY),Sarbori Mukherjee,38869,27716.0,18.04,11.99,299818,260915.0,71.85,88.56,98100.0,78483.0,53139.0,106199.0,61450.0,44417.0,212689.0,229099.0,-12.98,16.71,TMC to BJP,Flipped
151,SONARPUR UTTAR,South 24 Parganas,South 24 Parganas,GEN,TMC,BJP,FIRDOUSI BEGUM,Debasish Dhar,36090,9807.0,15.01,3.82,300330,273312.0,80.08,93.83,119957.0,110017.0,83867.0,119824.0,34557.0,25004.0,238381.0,254845.0,-9.0,13.75,TMC to BJP,Flipped
152,TOLLYGANJ,South 24 Parganas,South 24 Parganas,GEN,TMC,BJP,AROOP BISWAS,Papia Adhikary,50080,6013.0,25.37,2.92,269713,230098.0,73.18,89.38,101440.0,82394.0,51360.0,88407.0,42255.0,33359.0,195055.0,204160.0,-14.69,16.2,TMC to BJP,Flipped
153,BEHALA PURBA,South 24 Parganas,South 24 Parganas,GEN,TMC,BJP,Ratna Chatterjee,Sankar Sikder,37428,25137.0,16.87,10.71,308285,259876.0,71.97,90.31,110968.0,90365.0,73540.0,115502.0,34529.0,27185.0,219037.0,233052.0,-15.7,18.34,TMC to BJP,Flipped
154,BEHALA PASCHIM,South 24 Parganas,South 24 Parganas,GEN,TMC,BJP,PARTHA CHATTERJEE,Dr. Indranil Khan,50884,24699.0,21.95,10.34,313198,266349.0,74.02,89.66,114778.0,88472.0,63894.0,113171.0,50711.0,35669.0,229383.0,237312.0,-14.96,15.64,TMC to BJP,Flipped
155,MAHESHTALA,South 24 Parganas,South 24 Parganas,GEN,TMC,TMC,DULAL CHANDRA DAS,Subhasis Das,57949,32913.0,26.34,14.32,271007,243529.0,81.17,94.36,124008.0,116811.0,66059.0,83898.0,27853.0,27809.0,217920.0,228518.0,-10.14,13.19,Held,Held
156,BUDGE BUDGE,South 24 Parganas,South 24 Parganas,GEN,TMC,TMC,ASHOK KUMAR DEB,Ashok Kumar Deb,44714,46850.0,20.62,21.48,256136,230052.0,84.68,94.8,122357.0,127091.0,77643.0,80241.0,14157.0,8768.0,214157.0,216100.0,-10.18,10.12,Held,Held
157,METIABURUZ,South 24 Parganas,South 24 Parganas,GEN,TMC,TMC,ABDUL KHALEQUE MOLLA,Abdul Khaleque Molla,119604,87879.0,60.84,48.8,256315,189557.0,76.7,94.99,151066.0,124230.0,31462.0,36351.0,11046.0,17802.0,193574.0,178383.0,-26.05,18.29,Held,Held
158,KOLKATA PORT,Kolkata,Kolkata & Howrah,GEN,TMC,TMC,Firhad Hakim,Firhad Hakim,68554,56080.0,44.97,36.25,235933,171825.0,64.61,90.03,105543.0,101226.0,36989.0,45146.0,8551.0,7757.0,151083.0,154129.0,-27.17,25.42,Held,Held
159,BHABANIPUR,Kolkata,Kolkata & Howrah,GEN,TMC,BJP,Sobhandeb Chattopadhyay,Adhikari Suvendu,28719,15105.0,22.55,10.83,206389,160563.0,61.72,86.83,73505.0,58812.0,44786.0,73917.0,7515.0,5855.0,125806.0,138584.0,-22.2,25.11,TMC to BJP,Flipped
160,RASHBEHARI,Kolkata,Kolkata & Howrah,GEN,TMC,BJP,DEBASISH KUMAR,Dasgupta Swapan,21414,20865.0,17.21,15.03,206013,158586.0,60.41,87.53,65704.0,53258.0,44290.0,74123.0,12799.0,10137.0,122793.0,137518.0,-23.02,27.12,TMC to BJP,Flipped
161,BALLYGUNGE,Kolkata,Kolkata & Howrah,GEN,TMC,TMC,Subrata Mukherjee,Sobhandeb Chattopadhyay,75359,61476.0,49.92,36.73,247662,188988.0,60.95,88.57,106585.0,108481.0,31226.0,47005.0,11834.0,11079.0,149645.0,166565.0,-23.69,27.62,Held,Held
162,CHOWRANGEE,Kolkata,Kolkata & Howrah,GEN,TMC,TMC,BANDYOPADHYAY NAYNA,Bandyopadhyay Nayna,45344,22002.0,40.67,19.98,208201,126715.0,53.55,86.91,70101.0,62938.0,24757.0,40936.0,15423.0,5416.0,110281.0,109290.0,-39.14,33.36,Held,Held
163,ENTALLY,Kolkata,Kolkata & Howrah,GEN,TMC,TMC,Swarna Kamal Saha,Sandipan Saha,58257,34006.0,37.14,20.58,230814,179088.0,67.97,92.25,101709.0,94427.0,43452.0,60421.0,10722.0,9667.0,155883.0,164515.0,-22.41,24.28,Held,Held
164,BELEGHATA,Kolkata,Kolkata & Howrah,GEN,TMC,TMC,PARESH PAUL,Kunal Kumar Ghosh,67140,28576.0,42.36,16.41,250881,190746.0,63.18,91.28,103182.0,93757.0,36042.0,65181.0,17718.0,13602.0,156942.0,172540.0,-23.97,28.1,Held,Held
165,JORASANKO,Kolkata,Kolkata & Howrah,GEN,TMC,BJP,VIVEK GUPTA,Vijay Ojha,12743,5797.0,12.88,5.43,197950,122746.0,49.99,87.05,52123.0,47071.0,39380.0,52868.0,6424.0,6236.0,97927.0,106175.0,-37.99,37.06,TMC to BJP,Flipped
166,SHYAMPUKUR,Kolkata,Kolkata & Howrah,GEN,TMC,BJP,Dr. SHASHI PANJA,Purnima Chakraborty,22520,14633.0,21.87,12.53,176557,131890.0,58.32,88.53,55785.0,45615.0,33265.0,60248.0,12857.0,9963.0,101907.0,115826.0,-25.3,30.21,TMC to BJP,Flipped
167,MANIKTALA,Kolkata,Kolkata & Howrah,GEN,TMC,BJP,Sadhan Pande,Tapas Roy,20238,15644.0,15.22,10.38,211308,165961.0,62.93,90.82,67577.0,60726.0,47339.0,76370.0,16631.0,12568.0,131547.0,149664.0,-21.46,27.89,TMC to BJP,Flipped
168,KASHIPUR-BELGACHHIA,Kolkata,Kolkata & Howrah,GEN,TMC,BJP,Atin Ghosh,Ritesh Tiwari,35390,1651.0,26.24,1.1,223714,168019.0,60.29,89.6,76182.0,66717.0,40792.0,68368.0,16321.0,14207.0,133295.0,149292.0,-24.9,29.31,TMC to BJP,Flipped
169,BALLY,Howrah,Kolkata & Howrah,GEN,TMC,BJP,RANA CHATTERJEE,Sanjay Kumar Singh,6237,11997.0,4.95,10.18,176197,133780.0,71.44,88.08,53347.0,45642.0,47110.0,57639.0,24210.0,13633.0,124667.0,116914.0,-24.07,16.64,TMC to BJP,Flipped
170,HOWRAH UTTAR,Howrah,Kolkata & Howrah,GEN,TMC,BJP,GAUTAM CHOWDHURI,Umesh Rai,5522,11250.0,3.69,8.45,218547,150110.0,68.51,88.64,71575.0,56289.0,66053.0,67539.0,10422.0,8387.0,148050.0,132215.0,-31.31,20.13,TMC to BJP,Flipped
171,HOWRAH MADHYA,Howrah,Kolkata & Howrah,GEN,TMC,TMC,"Arup Roy, S/o Late Prabhat Roy",Arup Roy,46547,16083.0,23.85,8.31,266542,214910.0,73.21,90.02,111554.0,95948.0,65007.0,79865.0,15848.0,16536.0,192409.0,192349.0,-19.37,16.81,Held,Held
172,SHIBPUR,Howrah,Kolkata & Howrah,GEN,TMC,BJP,Manoj Tiwary,Rudranil Ghosh,32603,16058.0,17.89,8.86,233676,195103.0,77.98,92.94,92372.0,73557.0,59769.0,89615.0,28166.0,16851.0,180307.0,180023.0,-16.51,14.96,TMC to BJP,Flipped
173,HOWRAH DAKSHIN,Howrah,Kolkata & Howrah,GEN,TMC,TMC,NANDITA CHOWDHURY,Nandita Chowdhury,50569,7828.0,23.31,3.53,294243,240748.0,73.73,92.24,116839.0,100540.0,66270.0,92712.0,30883.0,27228.0,213992.0,220480.0,-18.18,18.51,Held,Held
174,SANKRAIL,Howrah,Kolkata & Howrah,SC,TMC,TMC,PRIYA PAUL,Priya Paul,40427,16740.0,18.2,7.3,277076,240335.0,80.17,95.37,111888.0,105412.0,71461.0,88672.0,36928.0,33357.0,220277.0,227441.0,-13.26,15.2,Held,Held
175,PANCHLA,Howrah,Kolkata & Howrah,GEN,TMC,TMC,GULSAN MULLICK,Gulsan Mullick,32751,38320.0,15.09,16.3,266183,248515.0,81.53,94.63,104572.0,123967.0,71821.0,85647.0,38205.0,23810.0,214598.0,233424.0,-6.64,13.1,Held,Held
176,ULUBERIA PURBA,Howrah,Kolkata & Howrah,GEN,TMC,TMC,BIDESH RANJAN BOSE,Ritabrata Banerjee,17126,11838.0,8.87,5.69,233764,218601.0,82.57,95.16,86526.0,95633.0,69400.0,83795.0,34984.0,27346.0,190910.0,206774.0,-6.49,12.59,Held,Held
177,ULUBERIA UTTAR,Howrah,Kolkata & Howrah,SC,TMC,BJP,Dr. Nirmal Maji,Chiran Bera,21003,4177.0,11.31,2.05,224423,214715.0,82.78,94.76,91501.0,89143.0,70498.0,93320.0,22533.0,19912.0,184532.0,202375.0,-4.33,11.98,TMC to BJP,Flipped
178,ULUBERIA DAKSHIN,Howrah,Kolkata & Howrah,GEN,TMC,TMC,PULAK ROY,Pulak Roy,28438,17187.0,14.06,7.6,237620,237104.0,85.12,95.43,101880.0,109649.0,73442.0,92462.0,25470.0,22714.0,200792.0,224825.0,-0.22,10.31,Held,Held
179,SHYAMPUR,Howrah,Kolkata & Howrah,GEN,TMC,BJP,KALIPADA MANDAL,Dr. Hiranmoy Chattopadhyaya (hiraan),31511,22260.0,14.2,9.1,257593,259440.0,86.14,94.31,114804.0,103391.0,83293.0,125651.0,22650.0,14534.0,220747.0,243576.0,0.72,8.17,TMC to BJP,Flipped
180,BAGNAN,Howrah,Kolkata & Howrah,GEN,TMC,TMC,Arunava Sen (Raja),Arunava Sen,30120,11316.0,15.06,5.18,231216,230726.0,86.47,94.66,106042.0,105060.0,75922.0,93744.0,16423.0,17554.0,198387.0,216358.0,-0.21,8.19,Held,Held
181,AMTA,Howrah,Kolkata & Howrah,GEN,TMC,BJP,SUKANTA KUMAR PAUL,Amit Samanta,26205,4454.0,12.55,1.88,261881,257113.0,79.73,92.18,102445.0,100195.0,76240.0,104649.0,28823.0,30302.0,207508.0,235146.0,-1.82,12.45,TMC to BJP,Flipped
182,UDAYNARAYANPUR,Howrah,Kolkata & Howrah,GEN,TMC,TMC,SAMIR KUMAR PANJA,Samir Kumar Panja,13998,12227.0,7.06,5.72,235467,229303.0,84.18,93.15,101510.0,105802.0,87512.0,93575.0,7969.0,13204.0,196991.0,212581.0,-2.62,8.97,Held,Held
183,JAGATBALLAVPUR,Howrah,Kolkata & Howrah,GEN,TMC,BJP,SITANATH GHOSH,Anupam Ghosh,29196,6671.0,12.39,2.64,288158,270866.0,81.8,93.23,116562.0,108937.0,87366.0,115608.0,29024.0,25771.0,232952.0,250316.0,-6.0,11.43,TMC to BJP,Flipped
184,DOMJUR,Howrah,Kolkata & Howrah,GEN,TMC,TMC,KALYAN GHOSH,Tapas Maity,42620,42177.0,16.98,16.59,299250,269344.0,83.87,94.37,130499.0,134036.0,87879.0,91859.0,30518.0,27109.0,248896.0,253004.0,-9.99,10.5,Held,Held
185,UTTARPARA,Hooghly,Hooghly & Purba Medinipur,GEN,TMC,BJP,KANCHAN MULLICK,Dipanjan Chakraborty,35989,10415.0,18.0,5.07,259814,228576.0,76.94,89.88,93878.0,70197.0,57889.0,80612.0,44774.0,52923.0,196541.0,203732.0,-12.02,12.94,TMC to BJP,Flipped
186,SREERAMPUR,Hooghly,Hooghly & Purba Medinipur,GEN,TMC,BJP,DR. SUDIPTO ROY,Bhaskar Bhattacharya,23433,8685.0,12.46,4.66,252758,206216.0,74.41,90.34,93021.0,76959.0,69588.0,85644.0,23072.0,21877.0,185681.0,184480.0,-18.41,15.93,TMC to BJP,Flipped
187,CHAMPDANI,Hooghly,Hooghly & Purba Medinipur,GEN,TMC,BJP,ARINDAM GUIN (BUBAI),Dilip Singh,30078,3026.0,14.95,1.48,263372,222304.0,76.37,91.95,100972.0,90678.0,70894.0,93704.0,25918.0,18006.0,197784.0,202388.0,-15.59,15.58,TMC to BJP,Flipped
188,SINGUR,Hooghly,Hooghly & Purba Medinipur,GEN,TMC,BJP,BECHARAM MANNA,Arup Kumar Das,25923,21438.0,12.35,9.63,246867,237516.0,85.04,93.71,101077.0,91570.0,75154.0,113008.0,31362.0,16105.0,207593.0,220683.0,-3.79,8.67,TMC to BJP,Flipped
189,CHANDANNAGAR,Hooghly,Hooghly & Purba Medinipur,GEN,TMC,BJP,INDRANIL SEN,Deepanjan Kumar Guha,31029,13441.0,17.03,7.19,229572,203795.0,79.36,91.71,86778.0,72832.0,55749.0,86273.0,36628.0,25788.0,179155.0,184893.0,-11.23,12.35,TMC to BJP,Flipped
190,CHUNCHURA,Hooghly,Hooghly & Purba Medinipur,GEN,TMC,BJP,Asit Mazumder (Tapan),Subir Nag,18417,43435.0,7.23,17.02,314274,276244.0,81.06,92.38,117104.0,94269.0,98687.0,137704.0,34608.0,20216.0,250399.0,252189.0,-12.1,11.32,TMC to BJP,Flipped
191,BALAGARH,Hooghly,Hooghly & Purba Medinipur,SC,TMC,BJP,MANORANJAN BAPARI,Sumana Sarkar,5784,41914.0,2.63,18.54,258955,240491.0,84.94,93.99,100364.0,83710.0,94580.0,125624.0,21908.0,15350.0,216852.0,224684.0,-7.13,9.05,TMC to BJP,Flipped
192,PANDUA,Hooghly,Hooghly & Purba Medinipur,GEN,TMC,BJP,Dr. Ratna De Nag,Tusar Kumar Majumdar,31858,5228.0,14.24,2.24,270503,249215.0,82.68,93.78,102874.0,96121.0,71016.0,101349.0,47610.0,34597.0,221500.0,232067.0,-7.87,11.1,TMC to BJP,Flipped
193,SAPTAGRAM,Hooghly,Hooghly & Purba Medinipur,GEN,TMC,BJP,TAPAN DASGUPTA,Swaraj Ghosh,9772,23289.0,5.08,11.85,234840,210597.0,81.84,93.35,93328.0,79125.0,83556.0,102414.0,12269.0,13944.0,189153.0,195483.0,-10.32,11.51,TMC to BJP,Flipped
194,CHANDITALA,Hooghly,Hooghly & Purba Medinipur,GEN,TMC,TMC,SWATI KHANDOKER,Swati Khandoker,41347,19663.0,19.96,8.64,263257,246622.0,78.67,92.24,103118.0,107143.0,61771.0,87480.0,40061.0,31398.0,204950.0,226021.0,-6.32,13.57,Held,Held
195,JANGIPARA,Hooghly,Hooghly & Purba Medinipur,GEN,TMC,BJP,SNEHASIS CHAKRABORTY,Prosenjit Bag,17926,862.0,8.52,0.37,257025,251164.0,81.86,92.49,101885.0,101547.0,83959.0,102409.0,21527.0,25947.0,207371.0,229903.0,-2.28,10.63,TMC to BJP,Flipped
196,HARIPAL,Hooghly,Hooghly & Purba Medinipur,GEN,TMC,BJP,Dr. Karabi Manna,Madhumita Ghosh,23072,3488.0,10.45,1.42,269649,264434.0,81.87,93.03,110215.0,109844.0,87143.0,113332.0,20049.0,21071.0,217407.0,244247.0,-1.93,11.16,TMC to BJP,Flipped
197,DHANEKHALI,Hooghly,Hooghly & Purba Medinipur,SC,TMC,TMC,ASIMA PATRA,Asima Patra,30159,13057.0,12.9,5.27,271518,262844.0,86.12,94.23,124776.0,123462.0,94617.0,110405.0,12263.0,10928.0,231656.0,244795.0,-3.19,8.11,Held,Held
198,TARAKESWAR,Hooghly,Hooghly & Purba Medinipur,GEN,TMC,BJP,RAMENDU SINHARAY,Santu Pan,7484,30999.0,3.63,13.99,239820,235634.0,85.86,94.03,96698.0,85902.0,89214.0,116901.0,17253.0,17290.0,203165.0,220093.0,-1.75,8.17,TMC to BJP,Flipped
199,PURSURAH,Hooghly,Hooghly & Purba Medinipur,GEN,BJP,BJP,BIMAN GHOSH,Biman Ghosh,28178,53453.0,12.63,22.19,259988,259825.0,85.8,92.73,91156.0,85368.0,119334.0,138821.0,9796.0,13956.0,220286.0,238145.0,-0.06,6.93,Held,Held
200,ARAMBAG,Hooghly,Hooghly & Purba Medinipur,SC,BJP,BJP,MADHUSUDAN BAG,Bag Hemanta,7172,28959.0,3.26,12.28,257621,253519.0,85.38,93.04,95936.0,94041.0,103108.0,123000.0,17745.0,17228.0,216789.0,234269.0,-1.59,7.66,Held,Held
201,GOGHAT,Hooghly,Hooghly & Purba Medinipur,SC,BJP,BJP,BISWANATH KARAK,Prasanta Digar,4147,49582.0,1.89,21.16,246570,248328.0,89.04,94.36,98080.0,84916.0,102227.0,134498.0,16756.0,12486.0,217063.0,231900.0,0.71,5.32,Held,Held
202,KHANAKUL,Hooghly,Hooghly & Purba Medinipur,GEN,BJP,BJP,SUSANTA GHOSH,Susanta Ghosh,12884,34483.0,5.91,14.54,277259,268692.0,78.62,88.26,94519.0,92246.0,107403.0,126729.0,12791.0,16465.0,214713.0,235440.0,-3.09,9.64,Held,Held
203,TAMLUK,Purba Medinipur,Hooghly & Purba Medinipur,GEN,TMC,BJP,Saumen Kumar Mahapatra,Hare Krishna Bera,793,34729.0,0.34,13.52,266881,274816.0,88.44,93.49,108243.0,101837.0,107450.0,136566.0,19202.0,16944.0,234895.0,255347.0,2.97,5.05,TMC to BJP,Flipped
204,PANSKURA PURBA,Purba Medinipur,Hooghly & Purba Medinipur,GEN,TMC,BJP,Biplab Roy Chowdhury,Subrata Maity(rana),9660,17903.0,4.87,8.11,236306,238674.0,83.96,92.48,91213.0,91361.0,81553.0,109264.0,24451.0,18716.0,197217.0,219341.0,1.0,8.52,TMC to BJP,Flipped
205,PANSKURA PASCHIM,Purba Medinipur,Hooghly & Purba Medinipur,GEN,TMC,BJP,PHIROJA BIBI,Sintu Senapati,8889,32567.0,3.8,12.6,274092,279248.0,85.42,92.55,111705.0,105352.0,102816.0,137919.0,18283.0,13899.0,232804.0,257170.0,1.88,7.13,TMC to BJP,Flipped
206,MOYNA,Purba Medinipur,Hooghly & Purba Medinipur,GEN,BJP,BJP,Ashoke Dinda,Ashoke Dinda,1260,16241.0,0.56,6.59,255164,265481.0,87.96,92.79,106849.0,110925.0,108109.0,127166.0,8141.0,7181.0,223099.0,245272.0,4.04,4.83,Held,Held
207,NANDAKUMAR,Purba Medinipur,Hooghly & Purba Medinipur,GEN,TMC,BJP,SUKUMAR DE,Khanra Nirmal,5406,30603.0,2.38,12.27,253829,264738.0,89.54,94.17,108181.0,100873.0,102775.0,131476.0,14846.0,15769.0,225802.0,248118.0,4.3,4.63,TMC to BJP,Flipped
208,MAHISADAL,Purba Medinipur,Hooghly & Purba Medinipur,GEN,TMC,BJP,TILAK KUMAR CHAKRABORTY,Subhas Chandra Panja,2386,26238.0,1.09,11.02,245266,253752.0,89.44,93.87,101986.0,95346.0,99600.0,121584.0,16004.0,20415.0,217590.0,237345.0,3.46,4.43,TMC to BJP,Flipped
209,HALDIA,Purba Medinipur,Hooghly & Purba Medinipur,SC,BJP,BJP,Tapasi Mondal,Pradip Kumar Bijali,15008,49062.0,6.8,20.49,251051,252092.0,87.96,94.98,89118.0,83121.0,104126.0,132183.0,26166.0,23076.0,219410.0,238380.0,0.41,7.02,Held,Held
210,NANDIGRAM,Purba Medinipur,Hooghly & Purba Medinipur,GEN,BJP,BJP,ADHIKARI SUVENDU,Adhikari Suvendu,1956,9665.0,0.86,3.82,257999,267174.0,88.53,94.59,108808.0,117636.0,110764.0,127301.0,7743.0,6866.0,227315.0,251803.0,3.56,6.06,Held,Held
211,CHANDIPUR,Purba Medinipur,Hooghly & Purba Medinipur,GEN,TMC,BJP,Soham Chakraborty,Pijush Kanti Das,13472,20270.0,6.11,8.38,245775,256364.0,89.65,94.38,109770.0,105777.0,96298.0,126047.0,13523.0,9516.0,219591.0,241340.0,4.31,4.73,TMC to BJP,Flipped
212,PATASHPUR,Purba Medinipur,Hooghly & Purba Medinipur,GEN,TMC,BJP,UTTAM BARIK,Tapan Maity,9994,9051.0,4.79,3.9,236413,247529.0,88.33,93.75,105299.0,107538.0,95305.0,116589.0,7362.0,7085.0,207966.0,231212.0,4.7,5.42,TMC to BJP,Flipped
213,KANTHI UTTAR,Purba Medinipur,Hooghly & Purba Medinipur,GEN,BJP,BJP,SUMITA SINHA,Sumita Sinha,9330,20055.0,4.08,8.04,257427,263871.0,88.73,94.52,104194.0,110033.0,113524.0,130088.0,9206.0,7833.0,226924.0,247954.0,2.5,5.79,Held,Held
214,BHAGABANPUR,Purba Medinipur,Hooghly & Purba Medinipur,GEN,BJP,BJP,RABINDRANATH MAITY,Santanu Pramanik,27549,20878.0,12.37,8.43,254184,264293.0,87.59,93.7,93931.0,109708.0,121480.0,130586.0,6220.0,6658.0,221631.0,246952.0,3.98,6.11,Held,Held
215,KHEJURI,Purba Medinipur,Hooghly & Purba Medinipur,SC,BJP,BJP,SANTANU PRAMANIK,Subrata Paik,17965,32690.0,8.45,13.83,238630,248386.0,89.1,95.15,92442.0,97185.0,110407.0,129875.0,8636.0,8667.0,211485.0,235727.0,4.09,6.05,Held,Held
216,KANTHI DAKSHIN,Purba Medinipur,Hooghly & Purba Medinipur,GEN,BJP,BJP,ARUP KUMAR DAS,Arup Kumar Das,10293,31472.0,5.29,14.79,224657,228412.0,86.66,93.18,88184.0,86747.0,98477.0,118219.0,7150.0,6581.0,193811.0,211547.0,1.67,6.52,Held,Held
217,RAMNAGAR,Purba Medinipur,Hooghly & Purba Medinipur,GEN,TMC,BJP,AKHIL GIRI,Dr. Chandra Sekhar Mondal,12517,26939.0,5.64,11.0,264900,269545.0,83.83,90.84,112622.0,104869.0,100105.0,131808.0,8100.0,6888.0,220827.0,243565.0,1.75,7.01,TMC to BJP,Flipped
218,EGRA,Purba Medinipur,Hooghly & Purba Medinipur,GEN,TMC,BJP,TARUN KUMAR MAITY,Adhikari Dibyendu,18491,25692.0,7.68,9.54,284614,291907.0,84.61,92.28,125763.0,116978.0,107272.0,142670.0,6389.0,9003.0,239424.0,268651.0,2.56,7.67,TMC to BJP,Flipped
219,DANTAN,Paschim Medinipur,Jangalmahal,GEN,TMC,BJP,BIKRAM CHANDRA PRADHAN,Ajit Kumar Jana,623,10376.0,0.31,4.75,233841,236370.0,84.59,92.39,95209.0,99883.0,94586.0,110259.0,6753.0,7021.0,196548.0,217163.0,1.08,7.8,TMC to BJP,Flipped
220,NAYAGRAM,Jhargram,Jangalmahal,ST,TMC,BJP,DULAL MURMU,Amiya Kisku,22754,6424.0,11.83,3.09,226791,227076.0,84.82,91.47,100903.0,94433.0,78149.0,100857.0,10216.0,9533.0,189268.0,204823.0,0.13,6.65,TMC to BJP,Flipped
221,GOPIBALLAVPUR,Jhargram,Jangalmahal,GEN,TMC,BJP,Dr. Khagendra Nath Mahata,Rajesh Mahata,23768,26675.0,11.94,12.5,226417,228063.0,87.92,93.56,104115.0,88008.0,80347.0,114683.0,11817.0,8160.0,196279.0,210851.0,0.73,5.64,TMC to BJP,Flipped
222,JHARGRAM,Jhargram,Jangalmahal,GEN,TMC,BJP,BIRBAHA HANSDA,Lakshmi Kanta Sau,38240,38147.0,18.95,17.27,236035,235603.0,85.49,93.78,109493.0,82730.0,71253.0,120877.0,17415.0,15071.0,198161.0,218678.0,-0.18,8.29,TMC to BJP,Flipped
223,KESHIARY,Paschim Medinipur,Jangalmahal,ST,TMC,BJP,PARESH MURMU,Bhadra Hemram,15330,15887.0,7.21,7.1,238835,238855.0,89.05,93.71,106366.0,97826.0,91036.0,113713.0,12709.0,10965.0,210111.0,222504.0,0.01,4.66,TMC to BJP,Flipped
224,KHARAGPUR SADAR,Paschim Medinipur,Jangalmahal,GEN,BJP,BJP,HIRANMOY CHATTOPADHYAYA,Dilip Ghosh,3771,30506.0,2.2,18.87,234672,180764.0,73.03,89.43,75836.0,59379.0,79607.0,89885.0,13299.0,11107.0,168742.0,160371.0,-22.97,16.4,Held,Held
225,NARAYANGARH,Paschim Medinipur,Jangalmahal,GEN,TMC,BJP,ATTA SURJA KANTA,Giri Ramaprasad,2416,20367.0,1.11,9.03,243832,239375.0,89.3,94.22,100894.0,95683.0,98478.0,116050.0,16622.0,12159.0,215994.0,223892.0,-1.83,4.92,TMC to BJP,Flipped
226,SABANG,Paschim Medinipur,Jangalmahal,GEN,TMC,BJP,MANAS RANJAN BHUNIA,Amal Kumar Panda,9864,11136.0,4.18,4.33,264783,274846.0,89.21,93.63,112098.0,116647.0,102234.0,127783.0,20335.0,11605.0,234667.0,256035.0,3.8,4.42,TMC to BJP,Flipped
227,PINGLA,Paschim Medinipur,Jangalmahal,GEN,TMC,BJP,AJIT MAITY,Swagata Manna,6656,18480.0,2.91,7.61,255054,256233.0,89.66,94.74,112435.0,105709.0,105779.0,124189.0,8382.0,10683.0,226596.0,240581.0,0.46,5.08,TMC to BJP,Flipped
228,KHARAGPUR,Paschim Medinipur,Jangalmahal,GEN,TMC,TMC,DINEN ROY,Dinen Roy,36230,2872.0,18.11,1.38,227081,218527.0,88.09,95.44,109727.0,98320.0,73497.0,95448.0,14506.0,13257.0,197730.0,207025.0,-3.77,7.35,Held,Held
229,DEBRA,Paschim Medinipur,Jangalmahal,GEN,TMC,BJP,HUMAYUN KABIR,Subhashis Om,11226,28801.0,5.48,13.25,234184,232197.0,87.48,93.59,95850.0,85662.0,84624.0,114463.0,23039.0,16111.0,203513.0,216236.0,-0.85,6.11,TMC to BJP,Flipped
230,DASPUR,Paschim Medinipur,Jangalmahal,GEN,TMC,BJP,MAMATA BHUNIA,Tapan Kumar Dutta,26842,32134.0,12.07,12.75,298096,296256.0,74.63,85.08,114753.0,100937.0,87911.0,133071.0,18432.0,16328.0,221096.0,250336.0,-0.62,10.45,TMC to BJP,Flipped
231,GHATAL,Paschim Medinipur,Jangalmahal,SC,BJP,BJP,SITAL KAPAT,Sital Kapat,966,37657.0,0.43,15.56,279908,276794.0,80.52,87.44,104846.0,93893.0,105812.0,131550.0,13412.0,15274.0,224070.0,240717.0,-1.11,6.92,Held,Held
232,CHANDRAKONA,Paschim Medinipur,Jangalmahal,SC,TMC,BJP,ARUP DHARA,Sukanta Dolui,11281,33481.0,4.52,12.65,279867,283081.0,89.08,93.5,121846.0,107036.0,110565.0,140517.0,13998.0,15342.0,246409.0,262895.0,1.15,4.42,TMC to BJP,Flipped
233,GARBETA,Paschim Medinipur,Jangalmahal,GEN,TMC,BJP,Uttara Singha (Hazra),Pradip Lodha,10572,26225.0,5.09,11.81,232046,233655.0,89.5,95.03,94928.0,87527.0,84356.0,113752.0,25678.0,18315.0,204962.0,219594.0,0.69,5.53,TMC to BJP,Flipped
234,SALBONI,Paschim Medinipur,Jangalmahal,GEN,TMC,BJP,Srikanta Mahata,Biman Mahata,32644,15243.0,13.1,5.72,276940,279613.0,89.98,95.3,126020.0,117613.0,93376.0,132856.0,27834.0,14085.0,247230.0,264554.0,0.97,5.32,TMC to BJP,Flipped
235,KESHPUR,Paschim Medinipur,Jangalmahal,SC,TMC,TMC,Seuli Saha,Seuli Saha,20720,50105.0,9.0,19.73,261529,268213.0,88.03,94.69,116992.0,143123.0,96272.0,93018.0,13670.0,16269.0,226934.0,252410.0,2.56,6.66,Held,Held
236,MEDINIPUR,Paschim Medinipur,Jangalmahal,GEN,TMC,BJP,June Maliah,Sankar Kumar Guchhait,24397,38747.0,10.21,15.87,280060,260610.0,85.3,93.66,121175.0,94294.0,96778.0,133041.0,17017.0,15123.0,234970.0,242458.0,-6.94,8.36,TMC to BJP,Flipped
237,BINPUR,Jhargram,Jangalmahal,ST,TMC,BJP,DEBNATH HANSDA,Dr. Pranat Tudu,39494,22977.0,20.92,11.04,224036,221524.0,84.27,93.93,100277.0,84261.0,60783.0,107238.0,24433.0,13901.0,185493.0,205400.0,-1.12,9.66,TMC to BJP,Flipped
238,BANDWAN,Purulia,Jangalmahal,ST,TMC,BJP,RAJIB LOCHAN SAREN,Labsen Baskey,18831,29577.0,7.81,11.11,284840,286171.0,84.63,93.01,113337.0,104503.0,94506.0,134080.0,30258.0,24815.0,238101.0,263398.0,0.47,8.38,TMC to BJP,Flipped
239,BALARAMPUR,Purulia,Jangalmahal,GEN,BJP,BJP,BANESWAR MAHATO,Jaladhar Mahato,423,35051.0,0.21,15.94,238113,235710.0,83.14,93.31,89098.0,83370.0,89521.0,118421.0,16905.0,15781.0,195524.0,217572.0,-1.01,10.17,Held,Held
240,BAGHMUNDI,Purulia,Jangalmahal,GEN,TMC,BJP,Sushanta Mahato,Rahidas Mahato,13969,40817.0,6.77,17.74,249613,250978.0,82.65,91.7,75905.0,71846.0,0.0,112663.0,128012.0,43191.0,203917.0,227700.0,0.55,9.05,TMC to BJP,Flipped
241,JOYPUR,Purulia,Jangalmahal,GEN,BJP,BJP,Nara Hari Mahato,Biswajit Mahato,12200,22218.0,6.02,9.53,249621,254082.0,81.23,91.78,0.0,82450.0,74380.0,104668.0,125431.0,42846.0,199811.0,229964.0,1.79,10.55,Held,Held
242,PURULIA,Purulia,Jangalmahal,GEN,BJP,BJP,Sudip Kumar Mukherjee,Sudip Kumar Mukherjee,7018,49253.0,3.39,21.35,258947,252313.0,79.89,91.42,82715.0,79201.0,89733.0,128454.0,31832.0,21270.0,204280.0,228925.0,-2.56,11.53,Held,Held
243,MANBAZAR,Purulia,Jangalmahal,ST,TMC,BJP,SANDHYARANI TUDU,Mayna Murmu,15516,27283.0,7.26,11.54,253708,255913.0,84.24,92.4,103298.0,93204.0,87782.0,120487.0,20358.0,20665.0,211438.0,234356.0,0.87,8.16,TMC to BJP,Flipped
244,KASHIPUR,Purulia,Jangalmahal,GEN,BJP,BJP,KAMALAKANTA HANSDA,Kamala Kanta Hansda,7387,21276.0,3.79,10.04,238871,229972.0,81.59,92.17,85551.0,85295.0,92938.0,106571.0,14002.0,17311.0,192491.0,209177.0,-3.73,10.58,Held,Held
245,PARA,Purulia,Jangalmahal,SC,BJP,BJP,NADIAR CHAND BOURI,Nadiar Chand Bouri,4007,33721.0,2.07,15.62,243906,236360.0,79.55,91.36,83340.0,79767.0,87347.0,113488.0,19677.0,19903.0,190364.0,213158.0,-3.09,11.81,Held,Held
246,RAGHUNATHPUR,Purulia,Jangalmahal,SC,BJP,BJP,Vivekananda Bauri,Mamoni Bauri,5438,44059.0,2.53,18.79,259434,254449.0,82.75,92.13,90332.0,83569.0,95770.0,127628.0,25031.0,20033.0,211133.0,231230.0,-1.92,9.38,Held,Held
247,SALTORA,Bankura,Jangalmahal,SC,BJP,BJP,BAURI CHANDANA,Chandana Bauri,4145,32135.0,2.05,14.71,232517,233527.0,87.05,93.56,87503.0,83045.0,91648.0,115180.0,19899.0,17495.0,199050.0,215720.0,0.43,6.51,Held,Held
248,CHHATNA,Bankura,Jangalmahal,GEN,BJP,BJP,SATYANARAYAN MUKHOPADHYAY,Satyanarayan Mukhopadhyay,7164,47174.0,3.64,21.25,242270,242884.0,81.25,91.38,83069.0,78798.0,90233.0,125972.0,20020.0,14599.0,193322.0,219369.0,0.25,10.13,Held,Held
249,RANIBANDH,Bankura,Jangalmahal,ST,TMC,BJP,Jyotsna Mandi,Kshudiram Tudu,3939,52269.0,1.87,22.07,253359,255198.0,83.35,92.8,90928.0,78876.0,86989.0,131145.0,29027.0,22923.0,206944.0,232944.0,0.73,9.45,TMC to BJP,Flipped
250,RAIPUR,Bankura,Jangalmahal,ST,TMC,BJP,MRITYUNJOY MURMU,Kshetramohan Hansda,19398,28742.0,9.97,13.67,224604,224609.0,86.59,93.59,101043.0,82701.0,81645.0,111443.0,8802.0,14242.0,191490.0,208386.0,0.0,7.0,TMC to BJP,Flipped
251,TALDANGRA,Bankura,Jangalmahal,GEN,TMC,BJP,ARUP CHAKRABORTY,Souvik Patra,12377,50073.0,6.09,22.77,233291,236732.0,87.1,92.91,92026.0,74464.0,79649.0,124537.0,27993.0,19236.0,199668.0,218237.0,1.47,5.81,TMC to BJP,Flipped
252,BANKURA,Bankura,Jangalmahal,GEN,BJP,BJP,NILADRI SEKHAR DANA,Niladri Sekhar Dana,1468,54177.0,0.67,22.64,269829,261565.0,80.79,91.5,93998.0,82815.0,95466.0,136992.0,24015.0,15991.0,213479.0,235798.0,-3.06,10.71,Held,Held
253,BARJORA,Bankura,Jangalmahal,GEN,TMC,BJP,ALOK MUKHERJEE,Billeswar Sinha,3269,41310.0,1.49,17.55,250729,252205.0,87.53,93.32,93290.0,84109.0,90021.0,125419.0,31238.0,23148.0,214549.0,232676.0,0.59,5.79,TMC to BJP,Flipped
254,ONDA,Bankura,Jangalmahal,GEN,BJP,BJP,AMARNATH SHAKHA,Amarnath Shakha,11551,31723.0,5.12,12.88,256906,263110.0,87.88,93.61,93389.0,96573.0,104940.0,128296.0,22551.0,17460.0,220880.0,242329.0,2.41,5.73,Held,Held
255,BISHNUPUR,Bankura,Jangalmahal,GEN,BJP,BJP,TANMAY GHOSH (BUMBA),Shukla Chatterjee,11420,30605.0,5.96,14.75,219284,220848.0,87.32,93.95,78269.0,80477.0,89689.0,111082.0,20092.0,13739.0,188050.0,205298.0,0.71,6.63,Held,Held
256,KATULPUR,Bankura,Jangalmahal,SC,BJP,BJP,HARAKALI PROTIHER,Lakshmi Kanta Majumdar,11785,34367.0,5.26,14.3,246785,254394.0,90.82,94.44,94237.0,91874.0,106022.0,126241.0,22008.0,20476.0,222267.0,238591.0,3.08,3.62,Held,Held
257,INDUS,Bankura,Jangalmahal,SC,BJP,BJP,NIRMAL KUMAR DHARA,Nirmal Kumar Dhara,7220,900.0,3.31,0.39,242938,245791.0,89.92,94.55,97716.0,107833.0,104936.0,108733.0,12619.0,14246.0,215271.0,230812.0,1.17,4.63,Held,Held
258,SONAMUKHI,Bankura,Jangalmahal,SC,BJP,BJP,DIBAKAR GHARAMI,Dibakar Gharami,10888,29410.0,5.24,13.26,233059,236292.0,89.14,93.89,87273.0,86139.0,98161.0,115549.0,20229.0,18103.0,205663.0,219791.0,1.39,4.75,Held,Held
259,KHANDAGHOSH,Purba Bardhaman,Rarh Bengal,SC,TMC,TMC,NABIN CHANDRA BAG,Nabin Chandra Bag,20886,8284.0,9.59,3.71,242730,233783.0,89.77,95.49,104264.0,104183.0,83378.0,95899.0,28311.0,21893.0,215953.0,221975.0,-3.69,5.72,Held,Held
260,BARDHAMAN DAKSHIN,Purba Bardhaman,Rarh Bengal,GEN,TMC,BJP,KHOKAN DAS,Moumita Biswas Misra,8105,30470.0,3.95,14.88,257940,222117.0,79.61,92.21,91015.0,77284.0,82910.0,107754.0,27713.0,17421.0,201638.0,202459.0,-13.89,12.6,TMC to BJP,Flipped
261,RAINA,Purba Bardhaman,Rarh Bengal,SC,TMC,BJP,Shampa Dhara,Subhash Patra,18205,834.0,7.94,0.36,258742,246255.0,88.57,94.72,108752.0,102653.0,90547.0,103487.0,28304.0,25663.0,227603.0,231803.0,-4.83,6.15,TMC to BJP,Flipped
262,JAMALPUR,Purba Bardhaman,Rarh Bengal,SC,TMC,BJP,ALOK KUMAR MAJHI,Arun Halder,17971,11178.0,8.69,5.2,235973,225551.0,87.59,95.22,96999.0,88758.0,79028.0,99936.0,27798.0,24282.0,203825.0,212976.0,-4.42,7.63,TMC to BJP,Flipped
263,MONTESWAR,Purba Bardhaman,Rarh Bengal,GEN,TMC,BJP,CHOWDHURY SIDDIQULLAH,Saikat Panja,31805,14798.0,15.22,7.25,242229,216968.0,86.3,94.1,105460.0,81761.0,73655.0,96559.0,28310.0,24485.0,207425.0,202805.0,-10.43,7.8,TMC to BJP,Flipped
264,KALNA,Purba Bardhaman,Rarh Bengal,SC,TMC,BJP,DEBOPRASAD BAG (POLTU),Siddhartha Majumdar,7478,28630.0,3.58,13.43,241471,226568.0,86.53,94.11,96073.0,82160.0,88595.0,110790.0,21776.0,18950.0,206444.0,211900.0,-6.17,7.58,TMC to BJP,Flipped
265,MEMARI,Purba Bardhaman,Rarh Bengal,GEN,TMC,BJP,MADHUSUDAN BHATTACHARYA,Manab Guha,23078,7106.0,10.55,3.12,254236,239719.0,86.06,94.9,104851.0,99322.0,81773.0,106428.0,30505.0,20513.0,217129.0,226263.0,-5.71,8.84,TMC to BJP,Flipped
266,BARDHAMAN UTTAR,Purba Bardhaman,Rarh Bengal,SC,TMC,TMC,NISITH KUMAR MALIK,Nisith Kumar Malik,17268,6460.0,7.14,2.61,277026,260510.0,87.33,95.17,111211.0,112688.0,93943.0,106228.0,34375.0,25245.0,239529.0,244161.0,-5.96,7.84,Held,Held
267,BHATAR,Purba Bardhaman,Rarh Bengal,GEN,TMC,BJP,ADHIKARI MANGOBINDA,Karfa Soumen,31741,6528.0,14.82,3.04,246694,226841.0,86.82,94.65,108028.0,92292.0,76287.0,98820.0,25507.0,20330.0,209822.0,211442.0,-8.05,7.83,TMC to BJP,Flipped
268,PURBASTHALI DAKSHIN,Purba Bardhaman,Rarh Bengal,GEN,TMC,BJP,SWAPAN DEBNATH,Pran Krishna Tapadar,17410,16662.0,8.08,7.57,248533,232857.0,86.65,94.5,105698.0,94342.0,88288.0,111004.0,19805.0,12787.0,213791.0,218133.0,-6.31,7.85,TMC to BJP,Flipped
269,PURBASTHALI UTTAR,Purba Bardhaman,Rarh Bengal,GEN,TMC,BJP,TAPAN CHATTERJEE,Gopal Chattopadhyay,6706,30226.0,3.16,13.44,252626,239934.0,84.05,93.73,92421.0,81153.0,85715.0,111379.0,32857.0,31160.0,210993.0,223692.0,-5.02,9.68,TMC to BJP,Flipped
270,KATWA,Purba Bardhaman,Rarh Bengal,GEN,TMC,BJP,Rabindranath Chatterjee,Krishna Ghosh,9155,35066.0,4.08,14.64,267738,257343.0,83.84,93.08,107894.0,86954.0,98739.0,122020.0,16046.0,29076.0,222679.0,238050.0,-3.88,9.24,TMC to BJP,Flipped
271,KETUGRAM,Purba Bardhaman,Rarh Bengal,GEN,TMC,BJP,Sekh Sahonawez,Anadi Ghosh,12683,27610.0,5.89,12.6,258310,234702.0,83.36,93.39,100226.0,83494.0,87543.0,111104.0,23928.0,20551.0,211697.0,215149.0,-9.14,10.03,TMC to BJP,Flipped
272,MANGALKOT,Purba Bardhaman,Rarh Bengal,GEN,TMC,BJP,Apurba Chowdhury (Achal),Shishir Ghosh,22337,12723.0,10.28,5.8,251003,232205.0,86.58,94.42,107596.0,91297.0,85259.0,104020.0,20648.0,20507.0,213503.0,215824.0,-7.49,7.84,TMC to BJP,Flipped
273,AUSGRAM,Purba Bardhaman,Rarh Bengal,SC,TMC,BJP,ABHEDANANDA THANDER,Kalita Maji,11815,12535.0,5.44,5.55,246956,236132.0,87.9,95.66,100392.0,95157.0,88577.0,107692.0,24072.0,20612.0,213041.0,223461.0,-4.38,7.76,TMC to BJP,Flipped
274,GALSI,Purba Bardhaman,Rarh Bengal,SC,TMC,BJP,NEPAL GHORUI,Raju Patra,19262,10494.0,8.66,4.52,256642,244138.0,86.71,95.17,109504.0,100146.0,90242.0,110640.0,20538.0,18779.0,220284.0,229565.0,-4.87,8.46,TMC to BJP,Flipped
275,PANDABESWAR,Paschim Bardhaman,Rarh Bengal,GEN,TMC,BJP,NARENDRANATH CHAKRABORTY,Jitendra Kumar Tewari,3803,1398.0,2.31,0.8,211960,188499.0,77.51,92.69,73922.0,79103.0,70119.0,80501.0,17515.0,13819.0,161556.0,173423.0,-11.07,15.18,TMC to BJP,Flipped
276,DURGAPUR PURBA,Paschim Bardhaman,Rarh Bengal,GEN,TMC,BJP,PRADIP MAZUMDAR,Chandra Sekhar Banerjee,3746,30934.0,1.94,14.4,256531,237454.0,75.11,90.46,79303.0,77954.0,75557.0,108888.0,35186.0,25366.0,190046.0,212208.0,-7.44,15.35,TMC to BJP,Flipped
277,DURGAPUR PASCHIM,Paschim Bardhaman,Rarh Bengal,GEN,BJP,BJP,LAKSHMAN CHANDRA GHORUI,Lakshman Chandra Ghorui,14664,37598.0,7.45,17.34,269303,238974.0,73.12,90.71,76522.0,77131.0,91186.0,114729.0,26570.0,21967.0,194278.0,213827.0,-11.26,17.59,Held,Held
278,RANIGANJ,Paschim Bardhaman,Rarh Bengal,GEN,TMC,BJP,TAPAS BANERJEE,Partha Ghosh,3556,17786.0,1.95,9.05,250813,216243.0,72.65,90.86,78164.0,79630.0,74608.0,97416.0,27433.0,16986.0,180205.0,194032.0,-13.78,18.21,TMC to BJP,Flipped
279,JAMURIA,Paschim Bardhaman,Rarh Bengal,GEN,TMC,BJP,HARERAM SINGH,Dr. Bijan Mukherjee,8051,22514.0,4.83,12.4,221419,196678.0,75.29,92.33,71002.0,67636.0,62951.0,90150.0,30397.0,22107.0,164350.0,179893.0,-11.17,17.04,TMC to BJP,Flipped
280,ASANSOL DAKSHIN,Paschim Bardhaman,Rarh Bengal,GEN,BJP,BJP,AGNIMITRA PAUL,Agnimitra Paul,4487,40839.0,2.3,18.93,274245,239405.0,71.01,90.14,83394.0,78743.0,87881.0,119582.0,19996.0,14610.0,191271.0,212935.0,-12.7,19.13,Held,Held
281,ASANSOL UTTAR,Paschim Bardhaman,Rarh Bengal,GEN,TMC,BJP,Ghatak Moloy,Krishnendu Mukherjee,21110,11615.0,10.94,5.52,275796,237089.0,69.95,88.83,100931.0,92901.0,79821.0,104516.0,8807.0,10435.0,189559.0,207852.0,-14.03,18.88,TMC to BJP,Flipped
282,KULTI,Paschim Bardhaman,Rarh Bengal,GEN,BJP,BJP,AJAY KUMAR PODDAR,Ajay Kumar Poddar,679,26498.0,0.39,13.93,251671,210912.0,69.44,90.2,80433.0,77072.0,81112.0,103570.0,9669.0,7058.0,171214.0,187700.0,-16.2,20.76,Held,Held
283,BARABANI,Paschim Bardhaman,Rarh Bengal,GEN,TMC,BJP,BIDHAN UPADHYAY,Arijit Roy,23457,11722.0,13.86,6.33,225596,202090.0,75.0,91.68,88430.0,80055.0,64973.0,91777.0,12765.0,10677.0,166168.0,182509.0,-10.42,16.68,TMC to BJP,Flipped
284,DUBRAJPUR,Birbhum,Rarh Bengal,SC,BJP,BJP,Anup Kumar Saha,Anup Kumar Saha,3863,27647.0,1.89,12.56,241742,231802.0,84.64,94.99,94220.0,89790.0,98083.0,117437.0,9139.0,10479.0,201442.0,217706.0,-4.11,10.35,Held,Held
285,SURI,Birbhum,Rarh Bengal,GEN,TMC,BJP,BIKASH ROYCHOUDHURY,Jagannath Chattopadhyay,7320,28686.0,3.35,12.03,263557,252420.0,82.94,94.49,105871.0,95557.0,98551.0,124243.0,12333.0,16872.0,216755.0,236672.0,-4.23,11.55,TMC to BJP,Flipped
286,BOLPUR,Birbhum,Rarh Bengal,GEN,TMC,TMC,SINHA CHANDRANATH,Chandranath Sinha,22280,13188.0,9.68,5.35,273896,260376.0,84.07,94.61,116443.0,114915.0,94163.0,101727.0,16317.0,26143.0,226923.0,242785.0,-4.94,10.54,Held,Held
287,NANOOR,Birbhum,Rarh Bengal,SC,TMC,TMC,BIDHAN CHANDRA MAJHI,Bidhan Chandra Majhi,6670,8122.0,2.83,3.21,276777,269616.0,85.02,93.88,112116.0,119910.0,105446.0,111788.0,15617.0,19556.0,233179.0,251254.0,-2.59,8.86,Held,Held
288,LABPUR,Birbhum,Rarh Bengal,GEN,TMC,BJP,ABHIJIT SINHA (RANA),Debasis Ojha (haku Da),17975,3550.0,8.48,1.59,240044,235224.0,88.33,94.8,108423.0,102852.0,90448.0,106402.0,10099.0,10603.0,208970.0,219857.0,-2.01,6.47,TMC to BJP,Flipped
289,SAINTHIA,Birbhum,Rarh Bengal,SC,TMC,BJP,NILABATI SAHA,Krishna Kanta Saha,15243,10306.0,6.87,4.27,255959,252442.0,86.68,95.54,110572.0,104748.0,95329.0,115054.0,14223.0,19822.0,220124.0,239624.0,-1.37,8.86,TMC to BJP,Flipped
290,MAYURESWAR,Birbhum,Rarh Bengal,GEN,TMC,BJP,ABHIJIT ROY,Dudh Kumar Mondal,12075,21002.0,6.05,9.84,230682,226302.0,86.45,94.33,100425.0,86054.0,88350.0,107056.0,7847.0,17907.0,196622.0,211017.0,-1.9,7.88,TMC to BJP,Flipped
291,RAMPURHAT,Birbhum,Rarh Bengal,GEN,TMC,BJP,ASISH BANERJEE,Dhruba Saha,8472,24233.0,3.9,10.37,260812,245490.0,83.33,95.21,103276.0,87687.0,94804.0,111920.0,15862.0,30953.0,213942.0,230560.0,-5.87,11.88,TMC to BJP,Flipped
292,HANSAN,Birbhum,Rarh Bengal,GEN,TMC,TMC,Dr. ASOK KUMAR CHATTOPADHYAY,Fayezul Haque (kajal Sk),50613,28298.0,24.03,12.49,248113,237652.0,84.88,95.33,108289.0,103223.0,57676.0,74925.0,42221.0,47254.0,208186.0,225402.0,-4.22,10.45,Held,Held
293,NALHATI,Birbhum,Rarh Bengal,GEN,TMC,TMC,RAJENDRA PRASAD SINGH (RAJU SINGH),Rajendra Prasad Singh(raju Singh),56905,13446.0,27.4,6.04,244837,232063.0,84.83,95.89,117438.0,87744.0,60533.0,74298.0,27825.0,58944.0,205796.0,220986.0,-5.22,11.06,Held,Held
294,MURARAI,Birbhum,Rarh Bengal,GEN,TMC,TMC,DR MOSARRAF HOSSAIN,Dr. Mosarraf Hossain,98246,37705.0,45.08,15.52,263200,252203.0,82.8,96.33,146496.0,96902.0,48250.0,58664.0,21662.0,86207.0,216408.0,241773.0,-4.18,13.53,Held,Held
