ac_no,ac_name,district,region,reservation,winner_2021,winner_2026,winner_name_2021,winner_name_2026,margin_2021,margin_2026,margin_pct_2021,margin_pct_2026,roll_2021,roll_2026,turnout_2021,turnout_2026,roll_change_pct,turnout_change_pts,outcome
1,MEKLIGANJ,Cooch Behar,North Bengal,SC,TMC,BJP,ADHIKARY PARESH CHANDRA,Dadhiram Ray,14685,29584.0,7.39,13.52,226465,224781.0,87.76,97.37,-0.74,9.61,TMC to BJP
2,MATHABHANGA,Cooch Behar,North Bengal,SC,BJP,BJP,Sushil Barman,Nishith Pramanik,26134,57090.0,12.2,23.61,248022,249135.0,86.36,97.07,0.45,10.71,Held
3,COOCHBEHAR UTTAR,Cooch Behar,North Bengal,SC,BJP,BJP,SUKUMAR ROY,Sukumar Ray,14615,70384.0,5.99,27.69,282988,264197.0,86.19,96.21,-6.64,10.02,Held
4,COOCHBEHAR DAKSHIN,Cooch Behar,North Bengal,GEN,BJP,BJP,Nikhil Ranjan Dey,Rathindra Bose,4931,23284.0,2.52,11.34,233839,214440.0,83.61,95.79,-8.3,12.18,Held
5,SITALKUCHI,Cooch Behar,North Bengal,SC,BJP,BJP,Baren Chandra Barman,Sabitri Barman,17815,25278.0,7.24,9.03,285260,285874.0,86.23,97.88,0.22,11.65,Held
6,SITAI,Cooch Behar,North Bengal,SC,TMC,TMC,JAGADISH CHANDRA BARMA BASUNIA,Sangita Roy,10112,2721.0,4.24,1.03,290568,273362.0,82.11,97.06,-5.92,14.95,Held
7,DINHATA,Cooch Behar,North Bengal,GEN,BJP,BJP,NISITH PRAMANIK,Ajay Ray,57,17447.0,0.02,6.51,299251,278074.0,81.45,96.35,-7.08,14.9,Held
8,NATABARI,Cooch Behar,North Bengal,GEN,BJP,BJP,Mihir Goswami,Girija Shankar Ray,23440,34613.0,10.79,14.87,245040,240383.0,88.63,96.81,-1.9,8.18,Held
9,TUFANGANJ,Cooch Behar,North Bengal,GEN,BJP,BJP,Malati Rava Roy,Malati Rava Roy,31198,26457.0,14.9,11.46,234311,238111.0,89.36,96.94,1.62,7.58,Held
10,KUMARGRAM,Alipurduar,North Bengal,ST,BJP,BJP,MANOJ KUMAR ORAON,Manoj Kumar Oraon,11001,52877.0,4.73,21.42,272924,260288.0,85.18,94.83,-4.63,9.65,Held
11,KALCHINI,Alipurduar,North Bengal,ST,BJP,BJP,BISHAL LAMA,Bishal Lama,28576,37843.0,14.59,18.68,247425,222332.0,79.14,91.13,-10.14,11.99,Held
12,ALIPURDUARS,Alipurduar,North Bengal,GEN,BJP,BJP,SUMAN KANJILAL,Paritosh Das,16007,70420.0,7.19,30.29,260652,245304.0,85.45,94.77,-5.89,9.32,Held
13,FALAKATA,Alipurduar,North Bengal,SC,BJP,BJP,DIPAK BARMAN,Dipak Barman,3990,45999.0,1.81,19.49,254554,245799.0,86.62,95.99,-3.44,9.37,Held
14,MADARIHAT,Alipurduar,North Bengal,ST,BJP,BJP,MANOJ TIGGA,Laxuman Limbu,29685,40910.0,17.78,23.15,212651,194663.0,78.49,90.8,-8.46,12.31,Held
15,DHUPGURI,Jalpaiguri,North Bengal,SC,BJP,BJP,BISHNU PADA RAY,Naresh Roy,4355,38550.0,1.9,15.51,263118,258677.0,87.16,96.06,-1.69,8.9,Held
16,MAYNAGURI,Jalpaiguri,North Bengal,SC,BJP,BJP,Kaushik Roy,Dalim Chandra Roy,11911,56503.0,5.05,22.47,264265,259205.0,89.34,97.01,-1.91,7.67,Held
17,JALPAIGURI,Jalpaiguri,North Bengal,SC,TMC,BJP,DR. PRADIP KUMAR BARMA,Ananta Deb Adhikary,941,68805.0,0.42,28.93,262500,251217.0,86.07,94.68,-4.3,8.61,TMC to BJP
18,RAJGANJ,Jalpaiguri,North Bengal,SC,TMC,BJP,KHAGESWAR ROY,Dinesh Sarkar,15773,21477.0,7.31,9.57,244163,231186.0,88.37,97.06,-5.31,8.69,TMC to BJP
19,DABGRAM-FULBARI,Jalpaiguri,North Bengal,GEN,BJP,BJP,Sikha Chatterjee,Sikha Chatterjee,27593,97715.0,10.65,38.79,310354,264767.0,83.44,95.14,-14.69,11.7,Held
20,MAL,Jalpaiguri,North Bengal,ST,TMC,BJP,BULU CHIK BARAIK,Sukra Munda,5465,15492.0,2.56,6.9,255570,238092.0,83.44,94.27,-6.84,10.83,TMC to BJP
21,NAGRAKATA,Jalpaiguri,North Bengal,ST,BJP,BJP,PUNA BHENGRA,Puna Bhengra,23475,25858.0,12.28,12.68,237305,220932.0,80.56,92.32,-6.9,11.76,Held
22,KALIMPONG,Kalimpong,North Bengal,GEN,IND,BJP,RUDEN SADA LEPCHA,Bharat Kumar Chetri,3870,21464.0,2.5,12.66,211896,203506.0,73.08,83.28,-3.96,10.2,IND to BJP
23,DARJEELING,Darjeeling,North Bengal,GEN,BJP,BJP,NEERAJ TAMANG ZIMBA,Noman Rai,21276,6057.0,12.62,3.48,246663,210995.0,68.34,82.37,-14.46,14.03,Held
24,KURSEONG,Darjeeling,North Bengal,GEN,BJP,BJP,Bishnu Prasad Sharma (alias B.P. Bajgain),Sonam Lama,15515,17007.0,8.84,9.35,236477,218103.0,74.23,83.37,-7.77,9.14,Held
25,MATIGARA-NAXALBARI,Darjeeling,North Bengal,SC,BJP,BJP,Anandamay Barman,Anandamay Barman,70848,104265.0,29.45,41.54,287565,270154.0,83.66,92.9,-6.05,9.24,Held
26,SILIGURI,Darjeeling,North Bengal,GEN,BJP,BJP,Sankar Ghosh,Shankar Ghosh,35586,73192.0,19.92,39.87,228406,201008.0,78.22,91.33,-12.0,13.11,Held
27,PHANSIDEWA,Darjeeling,North Bengal,ST,BJP,BJP,Durga Murmu,Durga Murmu,27711,45263.0,13.35,21.79,240496,217918.0,86.32,95.33,-9.39,9.01,Held
28,CHOPRA,Uttar Dinajpur,North Bengal,GEN,TMC,TMC,HAMIDUL RAHAMAN,Hamidul Rahaman,64905,69124.0,31.8,32.73,247764,219393.0,82.38,96.25,-11.45,13.87,Held
29,ISLAMPUR,Uttar Dinajpur,North Bengal,GEN,TMC,TMC,ABDUL KARIM CHOWDHARY,Agarwal Kanaia Lal,37440,40063.0,22.03,21.54,219728,202385.0,77.36,91.88,-7.89,14.52,Held
30,GOALPOKHAR,Uttar Dinajpur,North Bengal,GEN,TMC,TMC,MD. GHULAM RABBANI,Md Ghulam Rabbani,73514,83790.0,45.51,45.74,224633,199566.0,71.91,91.79,-11.16,19.88,Held
31,CHAKULIA,Uttar Dinajpur,North Bengal,GEN,TMC,TMC,AZAD MINHAJUL ARFIN,Azad Minhajul Arfin,33837,28011.0,19.51,14.07,233378,216163.0,74.3,92.12,-7.38,17.82,Held
32,KARANDIGHI,Uttar Dinajpur,North Bengal,GEN,TMC,BJP,GOUTAM PAUL,Biraj Biswas,36626,19869.0,17.18,9.03,262583,231680.0,81.17,94.95,-11.77,13.78,TMC to BJP
33,HEMTABAD,Uttar Dinajpur,North Bengal,SC,TMC,BJP,SATYAJIT BARMAN,Haripada Barman,27215,12361.0,12.19,5.16,265318,246863.0,84.16,96.97,-6.96,12.81,TMC to BJP
34,KALIAGANJ,Uttar Dinajpur,North Bengal,SC,BJP,BJP,SOUMEN ROY,Utpal Brahmacharo,21820,76425.0,9.1,29.6,282575,268580.0,84.84,96.14,-4.95,11.3,Held
35,RAIGANJ,Uttar Dinajpur,North Bengal,GEN,BJP,BJP,KRISHNA KALYANI,Koushik Chowdhury,20748,58641.0,12.86,35.58,198780,174464.0,81.17,94.46,-12.23,13.29,Held
36,ITAHAR,Uttar Dinajpur,North Bengal,GEN,TMC,TMC,MOSARAF HUSSEN,Mosaraf Hussen,43975,27878.0,22.67,13.66,229362,211669.0,84.58,96.45,-7.71,11.87,Held
37,KUSHMANDI,Dakshin Dinajpur,North Bengal,SC,TMC,BJP,REKHA ROY,Tapas Chandra Roy,12584,9063.0,6.84,4.54,219921,206031.0,83.7,96.84,-6.32,13.14,TMC to BJP
38,KUMARGANJ,Dakshin Dinajpur,North Bengal,GEN,TMC,TMC,TORAF HOSSAIN MANDAL,Toraf Hossain Mandal,29367,6685.0,17.18,3.84,203986,180629.0,83.79,96.26,-11.45,12.47,Held
39,BALURGHAT,Dakshin Dinajpur,North Bengal,GEN,BJP,BJP,Ashok Kumar Lahiri,Bidyut Kumar Roy,13436,47576.0,8.83,30.06,180390,167310.0,84.31,94.61,-7.25,10.3,Held
40,TAPAN,Dakshin Dinajpur,North Bengal,ST,BJP,BJP,BUDHRAI TUDU,Budhrai Tudu,1650,36987.0,0.89,19.81,220236,195260.0,84.6,95.62,-11.34,11.02,Held
41,GANGARAMPUR,Dakshin Dinajpur,North Bengal,SC,BJP,BJP,SATYENDRA NATH RAY,Satyendra Nath Roy,4592,28339.0,2.42,14.7,224040,200464.0,84.58,96.19,-10.52,11.61,Held
42,HARIRAMPUR,Dakshin Dinajpur,North Bengal,GEN,TMC,TMC,BIPLAB MITRA,Biplab Mitra,22672,1986.0,12.08,0.97,228189,211506.0,82.23,96.49,-7.31,14.26,Held
43,HABIBPUR,Malda,North Bengal,ST,BJP,BJP,JOYEL MURMU,Joyel Murmu,19517,78188.0,9.86,34.35,249557,238515.0,79.34,95.43,-4.42,16.09,Held
44,GAZOLE,Malda,North Bengal,SC,BJP,BJP,CHINMOY DEB BARMAN,Chinmoy Deb Barman,1798,38192.0,0.81,15.66,267096,255389.0,82.82,95.5,-4.38,12.68,Held
45,CHANCHAL,Malda,North Bengal,GEN,TMC,TMC,Nihar Ranjan Ghosh,Prasun Banerjee,67338,63874.0,33.72,27.25,249402,244678.0,80.06,95.8,-1.89,15.74,Held
46,HARISCHANDRAPUR,Malda,North Bengal,GEN,TMC,TMC,TAJMUL HOSSAIN,Md. Matibur Rahaman,77473,48271.0,38.14,21.26,252487,239042.0,80.46,95.0,-5.33,14.54,Held
47,MALATIPUR,Malda,North Bengal,GEN,TMC,TMC,ABDUR RAHIM BOXI,Abdur Rahim Boxi,91949,59747.0,49.57,29.57,231907,212732.0,79.98,94.97,-8.27,14.99,Held
48,RATUA,Malda,North Bengal,GEN,TMC,TMC,Samar Mukherjee,Samar Mukherjee,75650,32562.0,34.52,13.97,282451,247168.0,77.59,94.32,-12.49,16.73,Held
49,MANIKCHAK,Malda,North Bengal,GEN,TMC,BJP,SABITRI MITRA,Gour Chandra Mandal,33878,13938.0,16.37,6.18,253353,236535.0,81.7,95.28,-6.64,13.58,TMC to BJP
50,MALDAHA,Malda,North Bengal,SC,BJP,BJP,Gopal Chandra Saha,Gopal Chandra Saha,15456,50128.0,7.49,22.7,245962,231841.0,83.95,95.24,-5.74,11.29,Held
51,ENGLISH BAZAR,Malda,North Bengal,GEN,BJP,BJP,SREERUPA MITRA CHAUDHURY(NIRBHOY DIDI),Amlan Bhaduri (buro),20099,93784.0,9.32,39.98,275296,249659.0,78.34,93.95,-9.31,15.61,Held
52,MOTHABARI,Malda,North Bengal,GEN,TMC,TMC,YEASMIN SABINA,Islam Md Najrul,56573,10496.0,34.68,6.47,196324,169594.0,83.1,95.63,-13.62,12.53,Held
53,SUJAPUR,Malda,North Bengal,GEN,TMC,TMC,Md Abdul Ghani,Sabina Yeasmin,130163,60287.0,62.7,26.54,251186,236585.0,82.64,96.0,-5.81,13.36,Held
54,BAISNABNAGAR,Malda,North Bengal,GEN,TMC,BJP,CHANDANA SARKAR,Raju Karmakar,2471,46881.0,1.18,20.85,246956,234158.0,84.49,96.02,-5.18,11.53,TMC to BJP
55,FARAKKA,Murshidabad,Murshidabad-Nadia,GEN,TMC,INC,MANIRUL ISLAM,Motab Shaikh,59945,8193.0,32.16,4.69,227549,181811.0,81.93,96.17,-20.1,14.24,TMC to INC
56,SAMSERGANJ,Murshidabad,Murshidabad-Nadia,GEN,TMC,TMC,Amirul Islam,Mohammed Noor Alam,26379,7587.0,13.99,4.88,235576,161502.0,80.05,96.24,-31.44,16.19,Held
57,SUTI,Murshidabad,Murshidabad-Nadia,GEN,TMC,TMC,EMANI BISWAS,Emani Biswas,70701,12357.0,32.68,5.6,265418,229360.0,81.5,96.29,-13.59,14.79,Held
58,JANGIPUR,Murshidabad,Murshidabad-Nadia,GEN,TMC,BJP,JAKIR HOSSAIN,Chitta Mukherjee,92480,10542.0,46.65,4.96,255064,221206.0,77.73,96.11,-13.27,18.38,TMC to BJP
59,RAGHUNATHGANJ,Murshidabad,Murshidabad-Nadia,GEN,TMC,TMC,Akhruzzaman,Akhruzzaman,98313,40555.0,51.61,20.82,249559,200586.0,76.33,97.1,-19.62,20.77,Held
60,SAGARDIGHI,Murshidabad,Murshidabad-Nadia,GEN,TMC,TMC,SUBRATA SAHA,Bayron Biswas,50206,34260.0,26.87,16.5,236885,217262.0,78.86,95.58,-8.28,16.72,Held
61,LALGOLA,Murshidabad,Murshidabad-Nadia,GEN,TMC,TMC,ALI MOHAMMAD,Abdul Aziz Doctor,60707,18960.0,31.88,10.52,234381,186332.0,81.25,96.69,-20.5,15.44,Held
62,BHAGAWANGOLA,Murshidabad,Murshidabad-Nadia,GEN,TMC,TMC,IDRIS ALI,Reyat Hossain Sarkar,106008,56407.0,46.91,25.85,263765,224767.0,85.68,97.09,-14.79,11.41,Held
63,RANINAGAR,Murshidabad,Murshidabad-Nadia,GEN,TMC,INC,ABDUL SOUMIK HOSSAIN,Julfikar Ali,79702,2701.0,35.9,1.14,256101,244547.0,86.69,97.0,-4.51,10.31,TMC to INC
64,MURSHIDABAD,Murshidabad,Murshidabad-Nadia,GEN,BJP,BJP,GOURI SANKAR GHOSH,Gouri Sankar Ghosh,2491,31521.0,1.09,13.27,268221,248676.0,85.46,95.52,-7.29,10.06,Held
65,NABAGRAM,Murshidabad,Murshidabad-Nadia,SC,TMC,BJP,KANAI CHANDRA MONDAL,Dilip Saha,35533,5919.0,17.04,2.67,251378,243554.0,82.95,90.98,-3.11,8.03,TMC to BJP
66,KHARGRAM,Murshidabad,Murshidabad-Nadia,SC,TMC,BJP,ASHIS MARJIT,Mitali Mal,32573,9333.0,17.52,4.56,228923,231076.0,81.22,88.49,0.94,7.27,TMC to BJP
67,BURWAN,Murshidabad,Murshidabad-Nadia,SC,TMC,BJP,JIBAN KRISHNA SAHA,Sukhen Kumar Bagdi,2749,22300.0,1.55,11.8,217500,214906.0,81.29,87.91,-1.19,6.62,TMC to BJP
68,KANDI,Murshidabad,Murshidabad-Nadia,GEN,TMC,BJP,APURBA SARKAR (DAVID),Gargi Das Ghosh,38080,10335.0,20.42,5.18,238973,234139.0,78.03,85.19,-2.02,7.16,TMC to BJP
69,BHARATPUR,Murshidabad,Murshidabad-Nadia,GEN,TMC,TMC,HUMAYUN KABIR,Mustafijur Rahaman (suman),43083,30753.0,22.79,14.34,243603,240461.0,77.6,89.17,-1.29,11.57,Held
70,REJINAGAR,Murshidabad,Murshidabad-Nadia,GEN,TMC,AJUP,RABIUL ALAM CHOWDHURY,Humayun Kabir,68268,58876.0,32.44,24.6,259771,257373.0,81.01,92.98,-0.92,11.97,TMC to AJUP
71,BELDANGA,Murshidabad,Murshidabad-Nadia,GEN,TMC,BJP,HASANUZZAMAN SK,Bharat Kumar Jhawar,53832,13208.0,26.32,5.78,252944,244767.0,80.85,93.39,-3.23,12.54,TMC to BJP
72,BAHARAMPUR,Murshidabad,Murshidabad-Nadia,GEN,BJP,BJP,Subrata Maitra (Kanchan),Subrata Maitra (kanchan),26852,17548.0,13.59,7.82,260667,241429.0,75.81,92.89,-7.38,17.08,Held
73,HARIHARPARA,Murshidabad,Murshidabad-Nadia,GEN,TMC,TMC,NIAMOT SHEIKH,Niamot Sheikh,14066,12665.0,6.51,5.38,247421,245668.0,87.33,95.78,-0.71,8.45,Held
74,NOWDA,Murshidabad,Murshidabad-Nadia,GEN,TMC,AJUP,SAHINA MOMTAZ KHAN,Humayun Kabir,74153,27943.0,36.65,12.61,247688,236256.0,81.7,93.8,-4.62,12.1,TMC to AJUP
75,DOMKAL,Murshidabad,Murshidabad-Nadia,GEN,TMC,CPI(M),JAFIKUL ISLAM,Md. Mostafijur Rahaman,47229,16296.0,20.88,6.32,266283,267693.0,84.94,96.3,0.53,11.36,TMC to CPI(M)
76,JALANGI,Murshidabad,Murshidabad-Nadia,GEN,TMC,TMC,ABDUR RAZZAK,Babar Ali,79276,21516.0,35.68,8.49,261258,263066.0,85.04,96.29,0.69,11.25,Held
77,KARIMPUR,Nadia,Murshidabad-Nadia,GEN,TMC,BJP,Bimalendu Sinha Roy,Samarendranath Ghosh,23575,10185.0,10.64,4.23,251039,253802.0,88.24,94.92,1.1,6.68,TMC to BJP
78,TEHATTA,Nadia,Murshidabad-Nadia,GEN,TMC,BJP,Tapas Kumar Saha,Subrata Kabiraj,6915,28253.0,3.17,12.1,252454,253796.0,86.4,92.04,0.53,5.64,TMC to BJP
79,PALASHIPARA,Nadia,Murshidabad-Nadia,GEN,TMC,TMC,Dr. Manik Bhattacharya,Rukbanur Rahman,51336,11454.0,25.24,5.34,244867,232690.0,83.06,92.25,-4.97,9.19,Held
80,KALIGANJ,Nadia,Murshidabad-Nadia,GEN,TMC,TMC,NASIRUDDIN AHAMED (LAL),Alifa Ahmed,46987,10172.0,22.44,4.64,248358,233595.0,84.31,93.76,-5.94,9.45,Held
81,NAKASHIPARA,Nadia,Murshidabad-Nadia,GEN,TMC,BJP,Kallol Khan,Santanu Dey,21271,17327.0,10.15,8.41,247691,219401.0,84.61,93.86,-11.42,9.25,TMC to BJP
82,CHAPRA,Nadia,Murshidabad-Nadia,GEN,TMC,TMC,RUKBANUR RAHMAN,Jeber Sekh,12118,30780.0,5.68,14.6,248014,232860.0,85.95,90.51,-6.11,4.56,Held
83,KRISHNANAGAR UTTAR,Nadia,Murshidabad-Nadia,GEN,BJP,BJP,MUKUL ROY,Tarak Nath Chatterjee,35089,78361.0,17.39,38.78,238220,217296.0,84.71,92.99,-8.78,8.28,Held
84,NABADWIP,Nadia,Murshidabad-Nadia,GEN,TMC,BJP,PUNDARIKAKSHYA SAHA,Srutisekhar Goswami,18571,21444.0,8.82,9.83,243159,230481.0,86.61,94.66,-5.21,8.05,TMC to BJP
85,KRISHNANAGAR DAKSHIN,Nadia,Murshidabad-Nadia,GEN,TMC,BJP,UJJAL BISWAS,Sadhan Ghosh,9305,27801.0,4.76,14.11,225118,210686.0,86.93,93.54,-6.41,6.61,TMC to BJP
86,SANTIPUR,Nadia,Murshidabad-Nadia,GEN,BJP,BJP,JAGANNATH SARKAR,Swapan Kumar Das,15878,45376.0,7.23,21.11,255619,227916.0,85.95,94.32,-10.84,8.37,Held
87,RANAGHAT UTTAR PASCHIM,Nadia,Murshidabad-Nadia,GEN,BJP,BJP,PARTHASARATHI CHATTERJEE,Partha Sarathi Chatterjee(babu),23128,57551.0,10.36,26.5,265846,233327.0,83.96,93.06,-12.23,9.1,Held
88,KRISHNAGANJ,Nadia,Murshidabad-Nadia,SC,BJP,BJP,ASHIS KUMAR BISWAS,Sukanta Biswas,21277,60899.0,9.17,26.2,273728,254486.0,84.73,91.35,-7.03,6.62,Held
89,RANAGHAT UTTAR PURBA,Nadia,Murshidabad-Nadia,SC,BJP,BJP,ASHIM BISWAS,Ashim Biswas,31782,51743.0,14.8,24.48,264929,233552.0,81.05,90.51,-11.84,9.46,Held
90,RANAGHAT DAKSHIN,Nadia,Murshidabad-Nadia,SC,BJP,BJP,MUKUT MANI ADHIKARI,Ashim Kumar Biswas,16515,64464.0,6.83,27.7,285180,254197.0,84.75,91.54,-10.86,6.79,Held
91,CHAKDAHA,Nadia,Murshidabad-Nadia,GEN,BJP,BJP,Bankim Chandra Ghosh,Bankim Chandra Ghosh,11680,36945.0,5.51,17.53,245514,224671.0,86.38,93.79,-8.49,7.41,Held
92,KALYANI,Nadia,Murshidabad-Nadia,SC,BJP,BJP,AMBIKA ROY,Anupam Biswas,2206,34792.0,1.0,16.14,257683,230939.0,85.51,93.32,-10.38,7.81,Held
93,HARINGHATA,Nadia,Murshidabad-Nadia,SC,BJP,BJP,ASIM KUMAR SARKAR,Asim Kumar Sarkar,15200,22055.0,7.21,10.37,240606,225582.0,87.64,94.31,-6.24,6.67,Held
94,BAGDA,North 24 Parganas,North 24 Parganas,SC,BJP,BJP,Biswajit Das,Soma Thakur,9792,34616.0,4.48,15.94,277464,241642.0,78.85,89.89,-12.91,11.04,Held
95,BANGAON UTTAR,North 24 Parganas,North 24 Parganas,SC,BJP,BJP,ASHOK KIRTANIA,Ashok Kirtania,10488,40670.0,5.11,19.24,251387,226988.0,81.62,93.11,-9.71,11.49,Held
96,BANGAON DAKSHIN,North 24 Parganas,North 24 Parganas,SC,BJP,BJP,SWAPAN MAJUMDER,Swapan Majumder,2004,37814.0,0.96,17.82,248278,228861.0,83.71,92.72,-7.82,9.01,Held
97,GAIGHATA,North 24 Parganas,North 24 Parganas,SC,BJP,BJP,SUBRATA THAKUR,Subrata Thakur,9578,47683.0,4.49,22.79,252053,223535.0,84.6,93.59,-11.31,8.99,Held
98,SWARUPNAGAR,North 24 Parganas,North 24 Parganas,SC,TMC,TMC,BINA MONDAL,Bina Mondal,34800,16017.0,16.43,7.34,246109,229583.0,86.06,95.01,-6.71,8.95,Held
99,BADURIA,North 24 Parganas,North 24 Parganas,GEN,TMC,TMC,ABDUR RAHIM QUAZI,Burhanul Mukaddim (liton),56444,40061.0,26.51,17.62,243747,236598.0,87.34,96.1,-2.93,8.76,Held
100,HABRA,North 24 Parganas,North 24 Parganas,GEN,TMC,BJP,JYOTI PRIYA MALLICK,Debdas Mondal,3841,31462.0,1.88,15.83,242425,209653.0,84.22,94.79,-13.52,10.57,TMC to BJP
101,ASHOKNAGAR,North 24 Parganas,North 24 Parganas,GEN,TMC,BJP,NARAYAN GOSWAMI,Dr. Sumay Hira,23532,9408.0,10.86,4.28,257180,229948.0,84.27,95.57,-10.59,11.3,TMC to BJP
102,AMDANGA,North 24 Parganas,North 24 Parganas,GEN,TMC,TMC,RAFIQUR RAHAMAN,Mohammad Kasem Siddique,25480,2995.0,12.03,1.4,242462,221501.0,87.33,96.39,-8.65,9.06,Held
103,BIJPUR,North 24 Parganas,North 24 Parganas,GEN,TMC,BJP,SUBODH ADHIKARY,Sudipta Das,13347,13343.0,9.6,9.21,192316,158512.0,72.33,91.4,-17.58,19.07,TMC to BJP
104,NAIHATI,North 24 Parganas,North 24 Parganas,GEN,TMC,BJP,PARTHA BHOWMICK,Sumitro Chatterjee,18855,10430.0,12.05,6.62,193930,171184.0,80.68,92.1,-11.73,11.42,TMC to BJP
105,BHATPARA,North 24 Parganas,North 24 Parganas,GEN,BJP,BJP,PAWAN KUMAR SINGH,Pawan Kumar Singh,13687,22807.0,12.77,21.45,154037,117493.0,69.59,90.49,-23.72,20.9,Held
106,JAGATDAL,North 24 Parganas,North 24 Parganas,GEN,TMC,BJP,SOMENATH SHYAM ICHINI,Dr. Rajesh Kumar,18364,20909.0,10.13,11.41,233871,196204.0,77.52,93.37,-16.11,15.85,TMC to BJP
107,NOAPARA,North 24 Parganas,North 24 Parganas,GEN,TMC,BJP,MANJU BASU,Arjun Singh,26710,17656.0,13.87,9.05,262153,214216.0,73.48,91.11,-18.29,17.63,TMC to BJP
108,BARRACKPUR,North 24 Parganas,North 24 Parganas,GEN,TMC,BJP,RAJU CHAKRABORTY (RAJ),Kaustuv Bagchi,9222,15822.0,6.22,10.21,215356,171212.0,68.84,90.48,-20.5,21.64,TMC to BJP
109,KHARDAHA,North 24 Parganas,North 24 Parganas,GEN,TMC,BJP,KAJAL SINHA,Kalyan Chakraborti,28140,24486.0,15.36,12.46,232619,210105.0,78.73,93.53,-9.68,14.8,TMC to BJP
110,DUM DUM UTTAR,North 24 Parganas,North 24 Parganas,GEN,TMC,BJP,CHANDRIMA BHATTACHARYA,Sourav Sikdar,28499,26404.0,13.37,11.82,273015,240505.0,78.07,92.87,-11.91,14.8,TMC to BJP
111,PANIHATI,North 24 Parganas,North 24 Parganas,GEN,TMC,BJP,NIRMAL GHOSH,Ratna Debnath,25177,28836.0,14.44,16.48,230748,189867.0,75.56,92.16,-17.72,16.6,TMC to BJP
112,KAMARHATI,North 24 Parganas,North 24 Parganas,GEN,TMC,TMC,MADAN MITRA,Madan Mitra,35408,5646.0,24.54,3.81,197103,162833.0,73.22,91.06,-17.39,17.84,Held
113,BARANAGAR,North 24 Parganas,North 24 Parganas,GEN,TMC,BJP,TAPAS ROY,Sajal Ghosh,35147,16956.0,21.93,10.01,217774,186656.0,73.59,90.73,-14.29,17.14,TMC to BJP
114,DUM DUM,North 24 Parganas,North 24 Parganas,GEN,TMC,BJP,BRATYA BASU,Arijit Bakshi,26731,25273.0,14.42,12.76,247858,217724.0,74.77,90.99,-12.16,16.22,TMC to BJP
115,RAJARHAT NEW TOWN,North 24 Parganas,North 24 Parganas,GEN,TMC,BJP,TAPASH CHATTERJEE,Piyush Kanodia,56432,316.0,24.02,0.13,289075,267716.0,81.26,94.34,-7.39,13.08,TMC to BJP
116,BIDHANNAGAR,North 24 Parganas,North 24 Parganas,GEN,TMC,BJP,SUJIT BOSE S/O - LATE AJIT BOSE,Sharadwat Mukherjee,7997,37330.0,4.94,21.03,243360,203960.0,66.58,87.02,-16.19,20.44,TMC to BJP
117,RAJARHAT GOPALPUR,North 24 Parganas,North 24 Parganas,GEN,TMC,BJP,ADITI MUNSHI,Tarunjyoti Tewari,25296,27757.0,14.15,14.18,257447,218980.0,69.42,89.38,-14.94,19.96,TMC to BJP
118,MADHYAMGRAM,North 24 Parganas,North 24 Parganas,GEN,TMC,TMC,RATHIN GHOSH,Rathin Ghosh,48126,2399.0,20.89,1.03,272397,244690.0,84.59,95.19,-10.17,10.6,Held
119,BARASAT,North 24 Parganas,North 24 Parganas,GEN,TMC,BJP,CHIRANJEET CHAKRABARTI,Sankar Chatterjee,23783,34558.0,10.54,14.61,279592,252684.0,80.73,93.64,-9.62,12.91,TMC to BJP
120,DEGANGA,North 24 Parganas,North 24 Parganas,GEN,TMC,TMC,RAHIMA MONDAL,Anisur Rahaman Bidesh,32537,17818.0,15.18,7.63,242652,240229.0,88.35,97.19,-1.0,8.84,Held
121,HAROA,North 24 Parganas,North 24 Parganas,GEN,TMC,TMC,ISLAM SK NURUL (HAJI),Abdul Matin Muhammad,80978,49341.0,35.61,20.78,259206,243479.0,87.73,97.53,-6.07,9.8,Held
122,MINAKHAN,North 24 Parganas,North 24 Parganas,SC,TMC,TMC,USHA RANI MONDAL,Usha Rani Mondal,55830,32292.0,26.29,14.96,236528,222038.0,89.78,97.21,-6.13,7.43,Held
123,SANDESHKHALI,North 24 Parganas,North 24 Parganas,ST,TMC,BJP,SUKUMAR MAHATA,Sanat Sardar,39685,17510.0,19.28,8.1,238633,223320.0,86.24,96.8,-6.42,10.56,TMC to BJP
124,BASIRHAT DAKSHIN,North 24 Parganas,North 24 Parganas,GEN,TMC,TMC,DR. SAPTARSHI BANERJEE,Surajit Mitra (badal),24468,9544.0,10.38,3.81,275934,260723.0,85.43,96.09,-5.51,10.66,Held
125,BASIRHAT UTTAR,North 24 Parganas,North 24 Parganas,GEN,TMC,TMC,RAFIKUL ISLAM MONDAL,Md. Tauseffur Rahman,89351,57270.0,37.48,24.01,268034,245638.0,88.95,97.12,-8.36,8.17,Held
126,HINGALGANJ,North 24 Parganas,North 24 Parganas,SC,TMC,BJP,DEBES MANDAL,Rekha Patra,24916,5421.0,12.8,2.62,228508,215357.0,85.2,96.15,-5.76,10.95,TMC to BJP
127,GOSABA,South 24 Parganas,South 24 Parganas,SC,TMC,BJP,JAYANTA NASKAR,Bikarna Naskar,23709,16100.0,12.11,7.62,230348,221427.0,85.01,95.44,-3.87,10.43,TMC to BJP
128,BASANTI,South 24 Parganas,South 24 Parganas,SC,TMC,TMC,SHYAMAL MONDAL,Nilima Mistry Bishal,50642,56181.0,23.67,24.23,260681,240362.0,82.06,96.46,-7.79,14.4,Held
129,KULTALI,South 24 Parganas,South 24 Parganas,SC,TMC,TMC,Ganesh Chandra Mondal,Ganesh Chandra Mondal,47177,59276.0,20.75,23.38,265561,261761.0,85.61,96.86,-1.43,11.25,Held
130,PATHARPRATIMA,South 24 Parganas,South 24 Parganas,GEN,TMC,TMC,SAMIR KUMAR JANA,Samir Kumar Jana,22134,4873.0,9.55,1.98,263675,257862.0,87.91,95.42,-2.2,7.51,Held
131,KAKDWIP,South 24 Parganas,South 24 Parganas,GEN,TMC,BJP,MANTURAM PAKHIRA,Dipankar Jana,25302,4760.0,11.52,2.06,247826,241891.0,88.61,95.62,-2.39,7.01,TMC to BJP
132,SAGAR,South 24 Parganas,South 24 Parganas,GEN,TMC,BJP,BANKIM CHANDRA HAZRA,Sumanta Mandal,29846,7881.0,12.48,3.05,274715,274488.0,87.02,94.03,-0.08,7.01,TMC to BJP
133,KULPI,South 24 Parganas,South 24 Parganas,GEN,TMC,TMC,JOGARANJAN HALDER,Barnali Dhara,33818,10383.0,17.51,5.0,220144,216699.0,87.73,95.85,-1.56,8.12,Held
134,RAIDIGHI,South 24 Parganas,South 24 Parganas,GEN,TMC,TMC,ALOKE JALDATA,Tapas Mondal S/o-shibprasad Mondal,35568,5957.0,14.9,2.31,273558,267926.0,87.26,96.21,-2.06,8.95,Held
135,MANDIRBAZAR,South 24 Parganas,South 24 Parganas,SC,TMC,TMC,JOYDEB HALDER,Joydeb Halder S/o - Kartick Chandra Halder,23492,1995.0,11.78,0.94,229129,222142.0,87.06,95.99,-3.05,8.93,Held
136,JAYNAGAR,South 24 Parganas,South 24 Parganas,SC,TMC,TMC,BISWANATH DAS,Biswanath Das,38683,26350.0,19.11,12.03,239968,227343.0,84.36,96.38,-5.26,12.02,Held
137,BARUIPUR PURBA,South 24 Parganas,South 24 Parganas,SC,TMC,TMC,BIVAS SARDAR (VOBO),Bivas Sardar,49641,31815.0,22.05,13.41,265091,245159.0,84.92,96.8,-7.52,11.88,Held
138,CANNING PASCHIM,South 24 Parganas,South 24 Parganas,SC,TMC,TMC,Paresh Ram Das,Paresh Ram Das,35243,40665.0,16.14,17.63,257681,238344.0,84.74,96.79,-7.5,12.05,Held
139,CANNING PURBA,South 24 Parganas,South 24 Parganas,GEN,TMC,TMC,SAOKAT MOLLA,Md Baharul Islam,53007,91954.0,22.77,38.05,262349,246698.0,88.72,97.96,-5.97,9.24,Held
140,BARUIPUR PASCHIM,South 24 Parganas,South 24 Parganas,GEN,TMC,TMC,BIMAN BANERJEE,Biman Banerjee,61910,17862.0,29.3,8.08,253749,233239.0,83.27,94.77,-8.08,11.5,Held
141,MAGRAHAT PURBA,South 24 Parganas,South 24 Parganas,SC,TMC,TMC,NAMITA SAHA,Sarmistha Purkait,54079,31607.0,26.23,14.23,242530,232718.0,85.0,95.47,-4.05,10.47,Held
142,MAGRAHAT PASCHIM,South 24 Parganas,South 24 Parganas,GEN,TMC,TMC,GIAS UDDIN MOLLA,Md. Samim Ahamed Molla,46941,58503.0,24.16,28.49,229437,217102.0,84.68,94.59,-5.38,9.91,Held
143,DIAMOND HARBOUR,South 24 Parganas,South 24 Parganas,GEN,TMC,TMC,PANNALAL HALDER,Panna Lal Halder,16996,31266.0,7.54,13.46,255132,245251.0,88.35,94.69,-3.87,6.34,Held
145,SATGACHHIA,South 24 Parganas,South 24 Parganas,GEN,TMC,BJP,MOHAN CHANDRA NASKAR,Agniswar Naskar,23318,401.0,9.9,0.17,270193,256303.0,87.18,93.39,-5.14,6.21,TMC to BJP
146,BISHNUPUR,South 24 Parganas,South 24 Parganas,SC,TMC,TMC,DILIP MONDAL,Dilip Mondal,58832,36925.0,24.76,14.74,278650,268346.0,85.26,93.38,-3.7,8.12,Held
147,SONARPUR DAKSHIN,South 24 Parganas,South 24 Parganas,GEN,TMC,BJP,ARUNDHUTI MAITRA (LOVELY),Rupa Ganguly,26181,35782.0,11.25,14.52,288263,261143.0,80.76,94.35,-9.41,13.59,TMC to BJP
148,BHANGAR,South 24 Parganas,South 24 Parganas,GEN,RSSCMJP,AISF,MD. NAWSAD SIDDIQUE,Md Nawsad Siddique,26151,32088.0,10.8,12.0,271897,272748.0,89.07,98.04,0.31,8.97,RSSCMJP to AISF
149,KASBA,South 24 Parganas,South 24 Parganas,GEN,TMC,TMC,AHMED JAVED KHAN,Ahmed Javed Khan,63622,20974.0,28.51,8.7,306266,265693.0,72.86,90.78,-13.25,17.92,Held
150,JADAVPUR,South 24 Parganas,South 24 Parganas,GEN,TMC,BJP,DEBABRATA MAJUMDAR (MALAY),Sarbori Mukherjee,38869,27716.0,18.04,11.99,299818,260915.0,71.85,88.56,-12.98,16.71,TMC to BJP
151,SONARPUR UTTAR,South 24 Parganas,South 24 Parganas,GEN,TMC,BJP,FIRDOUSI BEGUM,Debasish Dhar,36090,9807.0,15.01,3.82,300330,273312.0,80.08,93.83,-9.0,13.75,TMC to BJP
152,TOLLYGANJ,South 24 Parganas,South 24 Parganas,GEN,TMC,BJP,AROOP BISWAS,Papia Adhikary,50080,6013.0,25.37,2.92,269713,230098.0,73.18,89.38,-14.69,16.2,TMC to BJP
153,BEHALA PURBA,South 24 Parganas,South 24 Parganas,GEN,TMC,BJP,Ratna Chatterjee,Sankar Sikder,37428,25137.0,16.87,10.71,308285,259876.0,71.97,90.31,-15.7,18.34,TMC to BJP
154,BEHALA PASCHIM,South 24 Parganas,South 24 Parganas,GEN,TMC,BJP,PARTHA CHATTERJEE,Dr. Indranil Khan,50884,24699.0,21.95,10.34,313198,266349.0,74.02,89.66,-14.96,15.64,TMC to BJP
155,MAHESHTALA,South 24 Parganas,South 24 Parganas,GEN,TMC,TMC,DULAL CHANDRA DAS,Subhasis Das,57949,32913.0,26.34,14.32,271007,243529.0,81.17,94.36,-10.14,13.19,Held
156,BUDGE BUDGE,South 24 Parganas,South 24 Parganas,GEN,TMC,TMC,ASHOK KUMAR DEB,Ashok Kumar Deb,44714,46850.0,20.62,21.48,256136,230052.0,84.68,94.8,-10.18,10.12,Held
157,METIABURUZ,South 24 Parganas,South 24 Parganas,GEN,TMC,TMC,ABDUL KHALEQUE MOLLA,Abdul Khaleque Molla,119604,87879.0,60.84,48.8,256315,189557.0,76.7,94.99,-26.05,18.29,Held
158,KOLKATA PORT,Kolkata,Kolkata & Howrah,GEN,TMC,TMC,Firhad Hakim,Firhad Hakim,68554,56080.0,44.97,36.25,235933,171825.0,64.61,90.03,-27.17,25.42,Held
159,BHABANIPUR,Kolkata,Kolkata & Howrah,GEN,TMC,BJP,Sobhandeb Chattopadhyay,Adhikari Suvendu,28719,15105.0,22.55,10.83,206389,160563.0,61.72,86.83,-22.2,25.11,TMC to BJP
160,RASHBEHARI,Kolkata,Kolkata & Howrah,GEN,TMC,BJP,DEBASISH KUMAR,Dasgupta Swapan,21414,20865.0,17.21,15.03,206013,158586.0,60.41,87.53,-23.02,27.12,TMC to BJP
161,BALLYGUNGE,Kolkata,Kolkata & Howrah,GEN,TMC,TMC,Subrata Mukherjee,Sobhandeb Chattopadhyay,75359,61476.0,49.92,36.73,247662,188988.0,60.95,88.57,-23.69,27.62,Held
162,CHOWRANGEE,Kolkata,Kolkata & Howrah,GEN,TMC,TMC,BANDYOPADHYAY NAYNA,Bandyopadhyay Nayna,45344,22002.0,40.67,19.98,208201,126715.0,53.55,86.91,-39.14,33.36,Held
163,ENTALLY,Kolkata,Kolkata & Howrah,GEN,TMC,TMC,Swarna Kamal Saha,Sandipan Saha,58257,34006.0,37.14,20.58,230814,179088.0,67.97,92.25,-22.41,24.28,Held
164,BELEGHATA,Kolkata,Kolkata & Howrah,GEN,TMC,TMC,PARESH PAUL,Kunal Kumar Ghosh,67140,28576.0,42.36,16.41,250881,190746.0,63.18,91.28,-23.97,28.1,Held
165,JORASANKO,Kolkata,Kolkata & Howrah,GEN,TMC,BJP,VIVEK GUPTA,Vijay Ojha,12743,5797.0,12.88,5.43,197950,122746.0,49.99,87.05,-37.99,37.06,TMC to BJP
166,SHYAMPUKUR,Kolkata,Kolkata & Howrah,GEN,TMC,BJP,Dr. SHASHI PANJA,Purnima Chakraborty,22520,14633.0,21.87,12.53,176557,131890.0,58.32,88.53,-25.3,30.21,TMC to BJP
167,MANIKTALA,Kolkata,Kolkata & Howrah,GEN,TMC,BJP,Sadhan Pande,Tapas Roy,20238,15644.0,15.22,10.38,211308,165961.0,62.93,90.82,-21.46,27.89,TMC to BJP
168,KASHIPUR-BELGACHHIA,Kolkata,Kolkata & Howrah,GEN,TMC,BJP,Atin Ghosh,Ritesh Tiwari,35390,1651.0,26.24,1.1,223714,168019.0,60.29,89.6,-24.9,29.31,TMC to BJP
169,BALLY,Howrah,Kolkata & Howrah,GEN,TMC,BJP,RANA CHATTERJEE,Sanjay Kumar Singh,6237,11997.0,4.95,10.18,176197,133780.0,71.44,88.08,-24.07,16.64,TMC to BJP
170,HOWRAH UTTAR,Howrah,Kolkata & Howrah,GEN,TMC,BJP,GAUTAM CHOWDHURI,Umesh Rai,5522,11250.0,3.69,8.45,218547,150110.0,68.51,88.64,-31.31,20.13,TMC to BJP
171,HOWRAH MADHYA,Howrah,Kolkata & Howrah,GEN,TMC,TMC,"Arup Roy, S/o Late Prabhat Roy",Arup Roy,46547,16083.0,23.85,8.31,266542,214910.0,73.21,90.02,-19.37,16.81,Held
172,SHIBPUR,Howrah,Kolkata & Howrah,GEN,TMC,BJP,Manoj Tiwary,Rudranil Ghosh,32603,16058.0,17.89,8.86,233676,195103.0,77.98,92.94,-16.51,14.96,TMC to BJP
173,HOWRAH DAKSHIN,Howrah,Kolkata & Howrah,GEN,TMC,TMC,NANDITA CHOWDHURY,Nandita Chowdhury,50569,7828.0,23.31,3.53,294243,240748.0,73.73,92.24,-18.18,18.51,Held
174,SANKRAIL,Howrah,Kolkata & Howrah,SC,TMC,TMC,PRIYA PAUL,Priya Paul,40427,16740.0,18.2,7.3,277076,240335.0,80.17,95.37,-13.26,15.2,Held
175,PANCHLA,Howrah,Kolkata & Howrah,GEN,TMC,TMC,GULSAN MULLICK,Gulsan Mullick,32751,38320.0,15.09,16.3,266183,248515.0,81.53,94.63,-6.64,13.1,Held
176,ULUBERIA PURBA,Howrah,Kolkata & Howrah,GEN,TMC,TMC,BIDESH RANJAN BOSE,Ritabrata Banerjee,17126,11838.0,8.87,5.69,233764,218601.0,82.57,95.16,-6.49,12.59,Held
177,ULUBERIA UTTAR,Howrah,Kolkata & Howrah,SC,TMC,BJP,Dr. Nirmal Maji,Chiran Bera,21003,4177.0,11.31,2.05,224423,214715.0,82.78,94.76,-4.33,11.98,TMC to BJP
178,ULUBERIA DAKSHIN,Howrah,Kolkata & Howrah,GEN,TMC,TMC,PULAK ROY,Pulak Roy,28438,17187.0,14.06,7.6,237620,237104.0,85.12,95.43,-0.22,10.31,Held
179,SHYAMPUR,Howrah,Kolkata & Howrah,GEN,TMC,BJP,KALIPADA MANDAL,Dr. Hiranmoy Chattopadhyaya (hiraan),31511,22260.0,14.2,9.1,257593,259440.0,86.14,94.31,0.72,8.17,TMC to BJP
180,BAGNAN,Howrah,Kolkata & Howrah,GEN,TMC,TMC,Arunava Sen (Raja),Arunava Sen,30120,11316.0,15.06,5.18,231216,230726.0,86.47,94.66,-0.21,8.19,Held
181,AMTA,Howrah,Kolkata & Howrah,GEN,TMC,BJP,SUKANTA KUMAR PAUL,Amit Samanta,26205,4454.0,12.55,1.88,261881,257113.0,79.73,92.18,-1.82,12.45,TMC to BJP
182,UDAYNARAYANPUR,Howrah,Kolkata & Howrah,GEN,TMC,TMC,SAMIR KUMAR PANJA,Samir Kumar Panja,13998,12227.0,7.06,5.72,235467,229303.0,84.18,93.15,-2.62,8.97,Held
183,JAGATBALLAVPUR,Howrah,Kolkata & Howrah,GEN,TMC,BJP,SITANATH GHOSH,Anupam Ghosh,29196,6671.0,12.39,2.64,288158,270866.0,81.8,93.23,-6.0,11.43,TMC to BJP
184,DOMJUR,Howrah,Kolkata & Howrah,GEN,TMC,TMC,KALYAN GHOSH,Tapas Maity,42620,42177.0,16.98,16.59,299250,269344.0,83.87,94.37,-9.99,10.5,Held
185,UTTARPARA,Hooghly,Hooghly & Purba Medinipur,GEN,TMC,BJP,KANCHAN MULLICK,Dipanjan Chakraborty,35989,10415.0,18.0,5.07,259814,228576.0,76.94,89.88,-12.02,12.94,TMC to BJP
186,SREERAMPUR,Hooghly,Hooghly & Purba Medinipur,GEN,TMC,BJP,DR. SUDIPTO ROY,Bhaskar Bhattacharya,23433,8685.0,12.46,4.66,252758,206216.0,74.41,90.34,-18.41,15.93,TMC to BJP
187,CHAMPDANI,Hooghly,Hooghly & Purba Medinipur,GEN,TMC,BJP,ARINDAM GUIN (BUBAI),Dilip Singh,30078,3026.0,14.95,1.48,263372,222304.0,76.37,91.95,-15.59,15.58,TMC to BJP
188,SINGUR,Hooghly,Hooghly & Purba Medinipur,GEN,TMC,BJP,BECHARAM MANNA,Arup Kumar Das,25923,21438.0,12.35,9.63,246867,237516.0,85.04,93.71,-3.79,8.67,TMC to BJP
189,CHANDANNAGAR,Hooghly,Hooghly & Purba Medinipur,GEN,TMC,BJP,INDRANIL SEN,Deepanjan Kumar Guha,31029,13441.0,17.03,7.19,229572,203795.0,79.36,91.71,-11.23,12.35,TMC to BJP
190,CHUNCHURA,Hooghly,Hooghly & Purba Medinipur,GEN,TMC,BJP,Asit Mazumder (Tapan),Subir Nag,18417,43435.0,7.23,17.02,314274,276244.0,81.06,92.38,-12.1,11.32,TMC to BJP
191,BALAGARH,Hooghly,Hooghly & Purba Medinipur,SC,TMC,BJP,MANORANJAN BAPARI,Sumana Sarkar,5784,41914.0,2.63,18.54,258955,240491.0,84.94,93.99,-7.13,9.05,TMC to BJP
192,PANDUA,Hooghly,Hooghly & Purba Medinipur,GEN,TMC,BJP,Dr. Ratna De Nag,Tusar Kumar Majumdar,31858,5228.0,14.24,2.24,270503,249215.0,82.68,93.78,-7.87,11.1,TMC to BJP
193,SAPTAGRAM,Hooghly,Hooghly & Purba Medinipur,GEN,TMC,BJP,TAPAN DASGUPTA,Swaraj Ghosh,9772,23289.0,5.08,11.85,234840,210597.0,81.84,93.35,-10.32,11.51,TMC to BJP
194,CHANDITALA,Hooghly,Hooghly & Purba Medinipur,GEN,TMC,TMC,SWATI KHANDOKER,Swati Khandoker,41347,19663.0,19.96,8.64,263257,246622.0,78.67,92.24,-6.32,13.57,Held
195,JANGIPARA,Hooghly,Hooghly & Purba Medinipur,GEN,TMC,BJP,SNEHASIS CHAKRABORTY,Prosenjit Bag,17926,862.0,8.52,0.37,257025,251164.0,81.86,92.49,-2.28,10.63,TMC to BJP
196,HARIPAL,Hooghly,Hooghly & Purba Medinipur,GEN,TMC,BJP,Dr. Karabi Manna,Madhumita Ghosh,23072,3488.0,10.45,1.42,269649,264434.0,81.87,93.03,-1.93,11.16,TMC to BJP
197,DHANEKHALI,Hooghly,Hooghly & Purba Medinipur,SC,TMC,TMC,ASIMA PATRA,Asima Patra,30159,13057.0,12.9,5.27,271518,262844.0,86.12,94.23,-3.19,8.11,Held
198,TARAKESWAR,Hooghly,Hooghly & Purba Medinipur,GEN,TMC,BJP,RAMENDU SINHARAY,Santu Pan,7484,30999.0,3.63,13.99,239820,235634.0,85.86,94.03,-1.75,8.17,TMC to BJP
199,PURSURAH,Hooghly,Hooghly & Purba Medinipur,GEN,BJP,BJP,BIMAN GHOSH,Biman Ghosh,28178,53453.0,12.63,22.19,259988,259825.0,85.8,92.73,-0.06,6.93,Held
200,ARAMBAG,Hooghly,Hooghly & Purba Medinipur,SC,BJP,BJP,MADHUSUDAN BAG,Bag Hemanta,7172,28959.0,3.26,12.28,257621,253519.0,85.38,93.04,-1.59,7.66,Held
201,GOGHAT,Hooghly,Hooghly & Purba Medinipur,SC,BJP,BJP,BISWANATH KARAK,Prasanta Digar,4147,49582.0,1.89,21.16,246570,248328.0,89.04,94.36,0.71,5.32,Held
202,KHANAKUL,Hooghly,Hooghly & Purba Medinipur,GEN,BJP,BJP,SUSANTA GHOSH,Susanta Ghosh,12884,34483.0,5.91,14.54,277259,268692.0,78.62,88.26,-3.09,9.64,Held
203,TAMLUK,Purba Medinipur,Hooghly & Purba Medinipur,GEN,TMC,BJP,Saumen Kumar Mahapatra,Hare Krishna Bera,793,34729.0,0.34,13.52,266881,274816.0,88.44,93.49,2.97,5.05,TMC to BJP
204,PANSKURA PURBA,Purba Medinipur,Hooghly & Purba Medinipur,GEN,TMC,BJP,Biplab Roy Chowdhury,Subrata Maity(rana),9660,17903.0,4.87,8.11,236306,238674.0,83.96,92.48,1.0,8.52,TMC to BJP
205,PANSKURA PASCHIM,Purba Medinipur,Hooghly & Purba Medinipur,GEN,TMC,BJP,PHIROJA BIBI,Sintu Senapati,8889,32567.0,3.8,12.6,274092,279248.0,85.42,92.55,1.88,7.13,TMC to BJP
206,MOYNA,Purba Medinipur,Hooghly & Purba Medinipur,GEN,BJP,BJP,Ashoke Dinda,Ashoke Dinda,1260,16241.0,0.56,6.59,255164,265481.0,87.96,92.79,4.04,4.83,Held
207,NANDAKUMAR,Purba Medinipur,Hooghly & Purba Medinipur,GEN,TMC,BJP,SUKUMAR DE,Khanra Nirmal,5406,30603.0,2.38,12.27,253829,264738.0,89.54,94.17,4.3,4.63,TMC to BJP
208,MAHISADAL,Purba Medinipur,Hooghly & Purba Medinipur,GEN,TMC,BJP,TILAK KUMAR CHAKRABORTY,Subhas Chandra Panja,2386,26238.0,1.09,11.02,245266,253752.0,89.44,93.87,3.46,4.43,TMC to BJP
209,HALDIA,Purba Medinipur,Hooghly & Purba Medinipur,SC,BJP,BJP,Tapasi Mondal,Pradip Kumar Bijali,15008,49062.0,6.8,20.49,251051,252092.0,87.96,94.98,0.41,7.02,Held
210,NANDIGRAM,Purba Medinipur,Hooghly & Purba Medinipur,GEN,BJP,BJP,ADHIKARI SUVENDU,Adhikari Suvendu,1956,9665.0,0.86,3.82,257999,267174.0,88.53,94.59,3.56,6.06,Held
211,CHANDIPUR,Purba Medinipur,Hooghly & Purba Medinipur,GEN,TMC,BJP,Soham Chakraborty,Pijush Kanti Das,13472,20270.0,6.11,8.38,245775,256364.0,89.65,94.38,4.31,4.73,TMC to BJP
212,PATASHPUR,Purba Medinipur,Hooghly & Purba Medinipur,GEN,TMC,BJP,UTTAM BARIK,Tapan Maity,9994,9051.0,4.79,3.9,236413,247529.0,88.33,93.75,4.7,5.42,TMC to BJP
213,KANTHI UTTAR,Purba Medinipur,Hooghly & Purba Medinipur,GEN,BJP,BJP,SUMITA SINHA,Sumita Sinha,9330,20055.0,4.08,8.04,257427,263871.0,88.73,94.52,2.5,5.79,Held
214,BHAGABANPUR,Purba Medinipur,Hooghly & Purba Medinipur,GEN,BJP,BJP,RABINDRANATH MAITY,Santanu Pramanik,27549,20878.0,12.37,8.43,254184,264293.0,87.59,93.7,3.98,6.11,Held
215,KHEJURI,Purba Medinipur,Hooghly & Purba Medinipur,SC,BJP,BJP,SANTANU PRAMANIK,Subrata Paik,17965,32690.0,8.45,13.83,238630,248386.0,89.1,95.15,4.09,6.05,Held
216,KANTHI DAKSHIN,Purba Medinipur,Hooghly & Purba Medinipur,GEN,BJP,BJP,ARUP KUMAR DAS,Arup Kumar Das,10293,31472.0,5.29,14.79,224657,228412.0,86.66,93.18,1.67,6.52,Held
217,RAMNAGAR,Purba Medinipur,Hooghly & Purba Medinipur,GEN,TMC,BJP,AKHIL GIRI,Dr. Chandra Sekhar Mondal,12517,26939.0,5.64,11.0,264900,269545.0,83.83,90.84,1.75,7.01,TMC to BJP
218,EGRA,Purba Medinipur,Hooghly & Purba Medinipur,GEN,TMC,BJP,TARUN KUMAR MAITY,Adhikari Dibyendu,18491,25692.0,7.68,9.54,284614,291907.0,84.61,92.28,2.56,7.67,TMC to BJP
219,DANTAN,Paschim Medinipur,Jangalmahal,GEN,TMC,BJP,BIKRAM CHANDRA PRADHAN,Ajit Kumar Jana,623,10376.0,0.31,4.75,233841,236370.0,84.59,92.39,1.08,7.8,TMC to BJP
220,NAYAGRAM,Jhargram,Jangalmahal,ST,TMC,BJP,DULAL MURMU,Amiya Kisku,22754,6424.0,11.83,3.09,226791,227076.0,84.82,91.47,0.13,6.65,TMC to BJP
221,GOPIBALLAVPUR,Jhargram,Jangalmahal,GEN,TMC,BJP,Dr. Khagendra Nath Mahata,Rajesh Mahata,23768,26675.0,11.94,12.5,226417,228063.0,87.92,93.56,0.73,5.64,TMC to BJP
222,JHARGRAM,Jhargram,Jangalmahal,GEN,TMC,BJP,BIRBAHA HANSDA,Lakshmi Kanta Sau,38240,38147.0,18.95,17.27,236035,235603.0,85.49,93.78,-0.18,8.29,TMC to BJP
223,KESHIARY,Paschim Medinipur,Jangalmahal,ST,TMC,BJP,PARESH MURMU,Bhadra Hemram,15330,15887.0,7.21,7.1,238835,238855.0,89.05,93.71,0.01,4.66,TMC to BJP
224,KHARAGPUR SADAR,Paschim Medinipur,Jangalmahal,GEN,BJP,BJP,HIRANMOY CHATTOPADHYAYA,Dilip Ghosh,3771,30506.0,2.2,18.87,234672,180764.0,73.03,89.43,-22.97,16.4,Held
225,NARAYANGARH,Paschim Medinipur,Jangalmahal,GEN,TMC,BJP,ATTA SURJA KANTA,Giri Ramaprasad,2416,20367.0,1.11,9.03,243832,239375.0,89.3,94.22,-1.83,4.92,TMC to BJP
226,SABANG,Paschim Medinipur,Jangalmahal,GEN,TMC,BJP,MANAS RANJAN BHUNIA,Amal Kumar Panda,9864,11136.0,4.18,4.33,264783,274846.0,89.21,93.63,3.8,4.42,TMC to BJP
227,PINGLA,Paschim Medinipur,Jangalmahal,GEN,TMC,BJP,AJIT MAITY,Swagata Manna,6656,18480.0,2.91,7.61,255054,256233.0,89.66,94.74,0.46,5.08,TMC to BJP
228,KHARAGPUR,Paschim Medinipur,Jangalmahal,GEN,TMC,TMC,DINEN ROY,Dinen Roy,36230,2872.0,18.11,1.38,227081,218527.0,88.09,95.44,-3.77,7.35,Held
229,DEBRA,Paschim Medinipur,Jangalmahal,GEN,TMC,BJP,HUMAYUN KABIR,Subhashis Om,11226,28801.0,5.48,13.25,234184,232197.0,87.48,93.59,-0.85,6.11,TMC to BJP
230,DASPUR,Paschim Medinipur,Jangalmahal,GEN,TMC,BJP,MAMATA BHUNIA,Tapan Kumar Dutta,26842,32134.0,12.07,12.75,298096,296256.0,74.63,85.08,-0.62,10.45,TMC to BJP
231,GHATAL,Paschim Medinipur,Jangalmahal,SC,BJP,BJP,SITAL KAPAT,Sital Kapat,966,37657.0,0.43,15.56,279908,276794.0,80.52,87.44,-1.11,6.92,Held
232,CHANDRAKONA,Paschim Medinipur,Jangalmahal,SC,TMC,BJP,ARUP DHARA,Sukanta Dolui,11281,33481.0,4.52,12.65,279867,283081.0,89.08,93.5,1.15,4.42,TMC to BJP
233,GARBETA,Paschim Medinipur,Jangalmahal,GEN,TMC,BJP,Uttara Singha (Hazra),Pradip Lodha,10572,26225.0,5.09,11.81,232046,233655.0,89.5,95.03,0.69,5.53,TMC to BJP
234,SALBONI,Paschim Medinipur,Jangalmahal,GEN,TMC,BJP,Srikanta Mahata,Biman Mahata,32644,15243.0,13.1,5.72,276940,279613.0,89.98,95.3,0.97,5.32,TMC to BJP
235,KESHPUR,Paschim Medinipur,Jangalmahal,SC,TMC,TMC,Seuli Saha,Seuli Saha,20720,50105.0,9.0,19.73,261529,268213.0,88.03,94.69,2.56,6.66,Held
236,MEDINIPUR,Paschim Medinipur,Jangalmahal,GEN,TMC,BJP,June Maliah,Sankar Kumar Guchhait,24397,38747.0,10.21,15.87,280060,260610.0,85.3,93.66,-6.94,8.36,TMC to BJP
237,BINPUR,Jhargram,Jangalmahal,ST,TMC,BJP,DEBNATH HANSDA,Dr. Pranat Tudu,39494,22977.0,20.92,11.04,224036,221524.0,84.27,93.93,-1.12,9.66,TMC to BJP
238,BANDWAN,Purulia,Jangalmahal,ST,TMC,BJP,RAJIB LOCHAN SAREN,Labsen Baskey,18831,29577.0,7.81,11.11,284840,286171.0,84.63,93.01,0.47,8.38,TMC to BJP
239,BALARAMPUR,Purulia,Jangalmahal,GEN,BJP,BJP,BANESWAR MAHATO,Jaladhar Mahato,423,35051.0,0.21,15.94,238113,235710.0,83.14,93.31,-1.01,10.17,Held
240,BAGHMUNDI,Purulia,Jangalmahal,GEN,TMC,BJP,Sushanta Mahato,Rahidas Mahato,13969,40817.0,6.77,17.74,249613,250978.0,82.65,91.7,0.55,9.05,TMC to BJP
241,JOYPUR,Purulia,Jangalmahal,GEN,BJP,BJP,Nara Hari Mahato,Biswajit Mahato,12200,22218.0,6.02,9.53,249621,254082.0,81.23,91.78,1.79,10.55,Held
242,PURULIA,Purulia,Jangalmahal,GEN,BJP,BJP,Sudip Kumar Mukherjee,Sudip Kumar Mukherjee,7018,49253.0,3.39,21.35,258947,252313.0,79.89,91.42,-2.56,11.53,Held
243,MANBAZAR,Purulia,Jangalmahal,ST,TMC,BJP,SANDHYARANI TUDU,Mayna Murmu,15516,27283.0,7.26,11.54,253708,255913.0,84.24,92.4,0.87,8.16,TMC to BJP
244,KASHIPUR,Purulia,Jangalmahal,GEN,BJP,BJP,KAMALAKANTA HANSDA,Kamala Kanta Hansda,7387,21276.0,3.79,10.04,238871,229972.0,81.59,92.17,-3.73,10.58,Held
245,PARA,Purulia,Jangalmahal,SC,BJP,BJP,NADIAR CHAND BOURI,Nadiar Chand Bouri,4007,33721.0,2.07,15.62,243906,236360.0,79.55,91.36,-3.09,11.81,Held
246,RAGHUNATHPUR,Purulia,Jangalmahal,SC,BJP,BJP,Vivekananda Bauri,Mamoni Bauri,5438,44059.0,2.53,18.79,259434,254449.0,82.75,92.13,-1.92,9.38,Held
247,SALTORA,Bankura,Jangalmahal,SC,BJP,BJP,BAURI CHANDANA,Chandana Bauri,4145,32135.0,2.05,14.71,232517,233527.0,87.05,93.56,0.43,6.51,Held
248,CHHATNA,Bankura,Jangalmahal,GEN,BJP,BJP,SATYANARAYAN MUKHOPADHYAY,Satyanarayan Mukhopadhyay,7164,47174.0,3.64,21.25,242270,242884.0,81.25,91.38,0.25,10.13,Held
249,RANIBANDH,Bankura,Jangalmahal,ST,TMC,BJP,Jyotsna Mandi,Kshudiram Tudu,3939,52269.0,1.87,22.07,253359,255198.0,83.35,92.8,0.73,9.45,TMC to BJP
250,RAIPUR,Bankura,Jangalmahal,ST,TMC,BJP,MRITYUNJOY MURMU,Kshetramohan Hansda,19398,28742.0,9.97,13.67,224604,224609.0,86.59,93.59,0.0,7.0,TMC to BJP
251,TALDANGRA,Bankura,Jangalmahal,GEN,TMC,BJP,ARUP CHAKRABORTY,Souvik Patra,12377,50073.0,6.09,22.77,233291,236732.0,87.1,92.91,1.47,5.81,TMC to BJP
252,BANKURA,Bankura,Jangalmahal,GEN,BJP,BJP,NILADRI SEKHAR DANA,Niladri Sekhar Dana,1468,54177.0,0.67,22.64,269829,261565.0,80.79,91.5,-3.06,10.71,Held
253,BARJORA,Bankura,Jangalmahal,GEN,TMC,BJP,ALOK MUKHERJEE,Billeswar Sinha,3269,41310.0,1.49,17.55,250729,252205.0,87.53,93.32,0.59,5.79,TMC to BJP
254,ONDA,Bankura,Jangalmahal,GEN,BJP,BJP,AMARNATH SHAKHA,Amarnath Shakha,11551,31723.0,5.12,12.88,256906,263110.0,87.88,93.61,2.41,5.73,Held
255,BISHNUPUR,Bankura,Jangalmahal,GEN,BJP,BJP,TANMAY GHOSH (BUMBA),Shukla Chatterjee,11420,30605.0,5.96,14.75,219284,220848.0,87.32,93.95,0.71,6.63,Held
256,KATULPUR,Bankura,Jangalmahal,SC,BJP,BJP,HARAKALI PROTIHER,Lakshmi Kanta Majumdar,11785,34367.0,5.26,14.3,246785,254394.0,90.82,94.44,3.08,3.62,Held
257,INDUS,Bankura,Jangalmahal,SC,BJP,BJP,NIRMAL KUMAR DHARA,Nirmal Kumar Dhara,7220,900.0,3.31,0.39,242938,245791.0,89.92,94.55,1.17,4.63,Held
258,SONAMUKHI,Bankura,Jangalmahal,SC,BJP,BJP,DIBAKAR GHARAMI,Dibakar Gharami,10888,29410.0,5.24,13.26,233059,236292.0,89.14,93.89,1.39,4.75,Held
259,KHANDAGHOSH,Purba Bardhaman,Rarh Bengal,SC,TMC,TMC,NABIN CHANDRA BAG,Nabin Chandra Bag,20886,8284.0,9.59,3.71,242730,233783.0,89.77,95.49,-3.69,5.72,Held
260,BARDHAMAN DAKSHIN,Purba Bardhaman,Rarh Bengal,GEN,TMC,BJP,KHOKAN DAS,Moumita Biswas Misra,8105,30470.0,3.95,14.88,257940,222117.0,79.61,92.21,-13.89,12.6,TMC to BJP
261,RAINA,Purba Bardhaman,Rarh Bengal,SC,TMC,BJP,Shampa Dhara,Subhash Patra,18205,834.0,7.94,0.36,258742,246255.0,88.57,94.72,-4.83,6.15,TMC to BJP
262,JAMALPUR,Purba Bardhaman,Rarh Bengal,SC,TMC,BJP,ALOK KUMAR MAJHI,Arun Halder,17971,11178.0,8.69,5.2,235973,225551.0,87.59,95.22,-4.42,7.63,TMC to BJP
263,MONTESWAR,Purba Bardhaman,Rarh Bengal,GEN,TMC,BJP,CHOWDHURY SIDDIQULLAH,Saikat Panja,31805,14798.0,15.22,7.25,242229,216968.0,86.3,94.1,-10.43,7.8,TMC to BJP
264,KALNA,Purba Bardhaman,Rarh Bengal,SC,TMC,BJP,DEBOPRASAD BAG (POLTU),Siddhartha Majumdar,7478,28630.0,3.58,13.43,241471,226568.0,86.53,94.11,-6.17,7.58,TMC to BJP
265,MEMARI,Purba Bardhaman,Rarh Bengal,GEN,TMC,BJP,MADHUSUDAN BHATTACHARYA,Manab Guha,23078,7106.0,10.55,3.12,254236,239719.0,86.06,94.9,-5.71,8.84,TMC to BJP
266,BARDHAMAN UTTAR,Purba Bardhaman,Rarh Bengal,SC,TMC,TMC,NISITH KUMAR MALIK,Nisith Kumar Malik,17268,6460.0,7.14,2.61,277026,260510.0,87.33,95.17,-5.96,7.84,Held
267,BHATAR,Purba Bardhaman,Rarh Bengal,GEN,TMC,BJP,ADHIKARI MANGOBINDA,Karfa Soumen,31741,6528.0,14.82,3.04,246694,226841.0,86.82,94.65,-8.05,7.83,TMC to BJP
268,PURBASTHALI DAKSHIN,Purba Bardhaman,Rarh Bengal,GEN,TMC,BJP,SWAPAN DEBNATH,Pran Krishna Tapadar,17410,16662.0,8.08,7.57,248533,232857.0,86.65,94.5,-6.31,7.85,TMC to BJP
269,PURBASTHALI UTTAR,Purba Bardhaman,Rarh Bengal,GEN,TMC,BJP,TAPAN CHATTERJEE,Gopal Chattopadhyay,6706,30226.0,3.16,13.44,252626,239934.0,84.05,93.73,-5.02,9.68,TMC to BJP
270,KATWA,Purba Bardhaman,Rarh Bengal,GEN,TMC,BJP,Rabindranath Chatterjee,Krishna Ghosh,9155,35066.0,4.08,14.64,267738,257343.0,83.84,93.08,-3.88,9.24,TMC to BJP
271,KETUGRAM,Purba Bardhaman,Rarh Bengal,GEN,TMC,BJP,Sekh Sahonawez,Anadi Ghosh,12683,27610.0,5.89,12.6,258310,234702.0,83.36,93.39,-9.14,10.03,TMC to BJP
272,MANGALKOT,Purba Bardhaman,Rarh Bengal,GEN,TMC,BJP,Apurba Chowdhury (Achal),Shishir Ghosh,22337,12723.0,10.28,5.8,251003,232205.0,86.58,94.42,-7.49,7.84,TMC to BJP
273,AUSGRAM,Purba Bardhaman,Rarh Bengal,SC,TMC,BJP,ABHEDANANDA THANDER,Kalita Maji,11815,12535.0,5.44,5.55,246956,236132.0,87.9,95.66,-4.38,7.76,TMC to BJP
274,GALSI,Purba Bardhaman,Rarh Bengal,SC,TMC,BJP,NEPAL GHORUI,Raju Patra,19262,10494.0,8.66,4.52,256642,244138.0,86.71,95.17,-4.87,8.46,TMC to BJP
275,PANDABESWAR,Paschim Bardhaman,Rarh Bengal,GEN,TMC,BJP,NARENDRANATH CHAKRABORTY,Jitendra Kumar Tewari,3803,1398.0,2.31,0.8,211960,188499.0,77.51,92.69,-11.07,15.18,TMC to BJP
276,DURGAPUR PURBA,Paschim Bardhaman,Rarh Bengal,GEN,TMC,BJP,PRADIP MAZUMDAR,Chandra Sekhar Banerjee,3746,30934.0,1.94,14.4,256531,237454.0,75.11,90.46,-7.44,15.35,TMC to BJP
277,DURGAPUR PASCHIM,Paschim Bardhaman,Rarh Bengal,GEN,BJP,BJP,LAKSHMAN CHANDRA GHORUI,Lakshman Chandra Ghorui,14664,37598.0,7.45,17.34,269303,238974.0,73.12,90.71,-11.26,17.59,Held
278,RANIGANJ,Paschim Bardhaman,Rarh Bengal,GEN,TMC,BJP,TAPAS BANERJEE,Partha Ghosh,3556,17786.0,1.95,9.05,250813,216243.0,72.65,90.86,-13.78,18.21,TMC to BJP
279,JAMURIA,Paschim Bardhaman,Rarh Bengal,GEN,TMC,BJP,HARERAM SINGH,Dr. Bijan Mukherjee,8051,22514.0,4.83,12.4,221419,196678.0,75.29,92.33,-11.17,17.04,TMC to BJP
280,ASANSOL DAKSHIN,Paschim Bardhaman,Rarh Bengal,GEN,BJP,BJP,AGNIMITRA PAUL,Agnimitra Paul,4487,40839.0,2.3,18.93,274245,239405.0,71.01,90.14,-12.7,19.13,Held
281,ASANSOL UTTAR,Paschim Bardhaman,Rarh Bengal,GEN,TMC,BJP,Ghatak Moloy,Krishnendu Mukherjee,21110,11615.0,10.94,5.52,275796,237089.0,69.95,88.83,-14.03,18.88,TMC to BJP
282,KULTI,Paschim Bardhaman,Rarh Bengal,GEN,BJP,BJP,AJAY KUMAR PODDAR,Ajay Kumar Poddar,679,26498.0,0.39,13.93,251671,210912.0,69.44,90.2,-16.2,20.76,Held
283,BARABANI,Paschim Bardhaman,Rarh Bengal,GEN,TMC,BJP,BIDHAN UPADHYAY,Arijit Roy,23457,11722.0,13.86,6.33,225596,202090.0,75.0,91.68,-10.42,16.68,TMC to BJP
284,DUBRAJPUR,Birbhum,Rarh Bengal,SC,BJP,BJP,Anup Kumar Saha,Anup Kumar Saha,3863,27647.0,1.89,12.56,241742,231802.0,84.64,94.99,-4.11,10.35,Held
285,SURI,Birbhum,Rarh Bengal,GEN,TMC,BJP,BIKASH ROYCHOUDHURY,Jagannath Chattopadhyay,7320,28686.0,3.35,12.03,263557,252420.0,82.94,94.49,-4.23,11.55,TMC to BJP
286,BOLPUR,Birbhum,Rarh Bengal,GEN,TMC,TMC,SINHA CHANDRANATH,Chandranath Sinha,22280,13188.0,9.68,5.35,273896,260376.0,84.07,94.61,-4.94,10.54,Held
287,NANOOR,Birbhum,Rarh Bengal,SC,TMC,TMC,BIDHAN CHANDRA MAJHI,Bidhan Chandra Majhi,6670,8122.0,2.83,3.21,276777,269616.0,85.02,93.88,-2.59,8.86,Held
288,LABPUR,Birbhum,Rarh Bengal,GEN,TMC,BJP,ABHIJIT SINHA (RANA),Debasis Ojha (haku Da),17975,3550.0,8.48,1.59,240044,235224.0,88.33,94.8,-2.01,6.47,TMC to BJP
289,SAINTHIA,Birbhum,Rarh Bengal,SC,TMC,BJP,NILABATI SAHA,Krishna Kanta Saha,15243,10306.0,6.87,4.27,255959,252442.0,86.68,95.54,-1.37,8.86,TMC to BJP
290,MAYURESWAR,Birbhum,Rarh Bengal,GEN,TMC,BJP,ABHIJIT ROY,Dudh Kumar Mondal,12075,21002.0,6.05,9.84,230682,226302.0,86.45,94.33,-1.9,7.88,TMC to BJP
291,RAMPURHAT,Birbhum,Rarh Bengal,GEN,TMC,BJP,ASISH BANERJEE,Dhruba Saha,8472,24233.0,3.9,10.37,260812,245490.0,83.33,95.21,-5.87,11.88,TMC to BJP
292,HANSAN,Birbhum,Rarh Bengal,GEN,TMC,TMC,Dr. ASOK KUMAR CHATTOPADHYAY,Fayezul Haque (kajal Sk),50613,28298.0,24.03,12.49,248113,237652.0,84.88,95.33,-4.22,10.45,Held
293,NALHATI,Birbhum,Rarh Bengal,GEN,TMC,TMC,RAJENDRA PRASAD SINGH (RAJU SINGH),Rajendra Prasad Singh(raju Singh),56905,13446.0,27.4,6.04,244837,232063.0,84.83,95.89,-5.22,11.06,Held
294,MURARAI,Birbhum,Rarh Bengal,GEN,TMC,TMC,DR MOSARRAF HOSSAIN,Dr. Mosarraf Hossain,98246,37705.0,45.08,15.52,263200,252203.0,82.8,96.33,-4.18,13.53,Held
