ac_no,state,ac_name,candidate,gender,age,category,party,general_votes,postal_votes,total_votes,vote_pct,total_electors,year,runner_up_votes,runner_up_candidate,runner_up_party,win_margin,win_margin_pct
1,West Bengal,MEKLIGANJ (SC),Dadhiram Ray,MALE,43.0,SC,BJP,118185,924,119109,54.42,224781,2026,89525,Adhikary Paresh Chandra,TMC,29584,13.16
2,West Bengal,MATHABHANGA (SC),Nishith Pramanik,MALE,40.0,SC,BJP,142057,1283,143340,59.27,249135,2026,86250,Dr. Sablu Barman,TMC,57090,22.92
3,West Bengal,COOCHBEHAR UTTAR (SC),Sukumar Ray,MALE,57.0,SC,BJP,153169,2158,155327,61.11,264197,2026,84943,Partha Pratim Ray,TMC,70384,26.64
4,West Bengal,COOCHBEHAR DAKSHIN,Rathindra Bose,MALE,65.0,GENERAL,BJP,106787,1695,108482,52.81,214440,2026,85198,Avijit De Bhowmik,TMC,23284,10.86
5,West Bengal,SITALKUCHI (SC),Sabitri Barman,FEMALE,53.0,SC,BJP,143605,762,144367,51.59,285874,2026,119089,Harihar Das,TMC,25278,8.84
6,West Bengal,SITAI (SC),Sangita Roy,FEMALE,54.0,SC,TMC,127382,806,128188,48.31,273362,2026,125467,Ashutosh Barma,BJP,2721,1.0
7,West Bengal,DINHATA,Ajay Ray,MALE,48.0,GENERAL,BJP,136795,1460,138255,51.6,278074,2026,120808,Udayan Guha,TMC,17447,6.27
8,West Bengal,NATABARI,Girija Shankar Ray,MALE,54.0,SC,BJP,125600,1311,126911,54.53,240383,2026,92298,Sailendra Nath Barma,TMC,34613,14.4
9,West Bengal,TUFANGANJ,Malati Rava Roy,FEMALE,62.0,SC,BJP,121146,1379,122525,53.08,238111,2026,96068,Shibsankar Paul,TMC,26457,11.11
10,West Bengal,KUMARGRAM (ST),Manoj Kumar Oraon,MALE,46.0,ST,BJP,141540,1504,143044,57.95,260288,2026,90167,Rajeev Tirkey,TMC,52877,20.31
11,West Bengal,KALCHINI (ST),Bishal Lama,MALE,44.0,ST,BJP,113928,831,114759,56.64,222332,2026,76916,Birendra Bara (oraon),TMC,37843,17.02
12,West Bengal,ALIPURDUARS,Paritosh Das,MALE,60.0,GENERAL,BJP,141407,1835,143242,61.62,245304,2026,72822,Suman Kanjilal,TMC,70420,28.71
13,West Bengal,FALAKATA (SC),Dipak Barman,MALE,52.0,SC,BJP,133209,1161,134370,56.95,245799,2026,88371,Subhash Chandra Roy,TMC,45999,18.71
14,West Bengal,MADARIHAT (ST),Laxuman Limbu,MALE,53.0,ST,BJP,101864,624,102488,57.98,194663,2026,61578,Jayprakash Toppo,TMC,40910,21.02
15,West Bengal,DHUPGURI (SC),Naresh Roy,MALE,49.0,SC,BJP,133692,1106,134798,54.25,258677,2026,96248,Nirmal Chandra Roy,TMC,38550,14.9
16,West Bengal,MAYNAGURI (SC),Dalim Chandra Roy,MALE,66.0,SC,BJP,146047,1356,147403,58.62,259205,2026,90900,Rammohan Ray,TMC,56503,21.8
17,West Bengal,JALPAIGURI (SC),Ananta Deb Adhikary,MALE,53.0,SC,BJP,140474,2513,142987,60.11,251217,2026,74182,Krishna Das,TMC,68805,27.39
18,West Bengal,RAJGANJ (SC),Dinesh Sarkar,MALE,61.0,SC,BJP,113791,866,114657,51.1,231186,2026,93180,Swapna Barman,TMC,21477,9.29
19,West Bengal,DABGRAM-FULBARI,Sikha Chatterjee,FEMALE,71.0,GENERAL,BJP,165182,1118,166300,66.02,264767,2026,68585,Ranjan Sil Sharma,TMC,97715,36.91
20,West Bengal,MAL (ST),Sukra Munda,MALE,54.0,ST,BJP,111648,447,112095,49.94,238092,2026,96603,Bulu Chik Baraik,TMC,15492,6.51
21,West Bengal,NAGRAKATA (ST),Puna Bhengra,MALE,51.0,ST,BJP,103011,467,103478,50.73,220932,2026,77620,Sanjay Kujur,TMC,25858,11.7
22,West Bengal,KALIMPONG,Bharat Kumar Chetri,MALE,45.0,GENERAL,BJP,83154,1136,84290,49.74,203506,2026,62826,Ruden Sada Lepcha,BGPM,21464,10.55
23,West Bengal,DARJEELING,Noman Rai,MALE,45.0,GENERAL,BJP,60733,1343,62076,35.72,210995,2026,56019,Bijoy Kumar Rai,BGPM,6057,2.87
24,West Bengal,KURSEONG,Sonam Lama,MALE,46.0,ST,BJP,73838,1040,74878,41.18,218103,2026,57871,Amar Lama,BGPM,17007,7.8
25,West Bengal,MATIGARA-NAXALBARI (SC),Anandamay Barman,MALE,43.0,SC,BJP,165450,1455,166905,66.5,270154,2026,62640,Shankar Malakar,TMC,104265,38.59
26,West Bengal,SILIGURI,Shankar Ghosh,MALE,52.0,GENERAL,BJP,119752,1008,120760,65.78,201008,2026,47568,Goutam Deb,TMC,73192,36.41
27,West Bengal,PHANSIDEWA (ST),Durga Murmu,MALE,47.0,ST,BJP,117555,686,118241,56.92,217918,2026,72978,Reena Topno Ekka,TMC,45263,20.77
28,West Bengal,CHOPRA,Hamidul Rahaman,MALE,66.0,GENERAL,TMC,120658,328,120986,57.3,219393,2026,51862,Sankar Adhikari,BJP,69124,31.51
29,West Bengal,ISLAMPUR,Agarwal Kanaia Lal,MALE,71.0,GENERAL,TMC,107744,373,108117,58.14,202385,2026,68054,Chitrajit Roy,BJP,40063,19.8
30,West Bengal,GOALPOKHAR,Md Ghulam Rabbani,MALE,56.0,GENERAL,TMC,121895,210,122105,66.66,199566,2026,38315,Sarajit Biswas,BJP,83790,41.99
31,West Bengal,CHAKULIA,Azad Minhajul Arfin,MALE,54.0,GENERAL,TMC,90014,263,90277,45.34,216163,2026,62266,Manoj Kumar Jain,BJP,28011,12.96
32,West Bengal,KARANDIGHI,Biraj Biswas,MALE,32.0,SC,BJP,95813,447,96260,43.76,231680,2026,76391,Goutam Paul,TMC,19869,8.58
33,West Bengal,HEMTABAD (SC),Haripada Barman,MALE,41.0,SC,BJP,114597,932,115529,48.26,246863,2026,103168,Satyajit Barman,TMC,12361,5.01
34,West Bengal,KALIAGANJ (SC),Utpal Brahmacharo,MALE,43.0,SC,BJP,156919,1430,158349,61.32,268580,2026,81924,Nitai Baishya,TMC,76425,28.46
35,West Bengal,RAIGANJ,Koushik Chowdhury,MALE,53.0,GENERAL,BJP,103441,2120,105561,64.05,174464,2026,46920,Krishna Kalyani,TMC,58641,33.61
36,West Bengal,ITAHAR,Mosaraf Hussen,MALE,45.0,GENERAL,TMC,97611,561,98172,48.09,211669,2026,70294,Sabita Barman,BJP,27878,13.17
37,West Bengal,KUSHMANDI (SC),Tapas Chandra Roy,MALE,39.0,SC,BJP,96963,474,97437,48.83,206031,2026,88374,Rekha Roy,TMC,9063,4.4
38,West Bengal,KUMARGANJ,Toraf Hossain Mandal,MALE,66.0,GENERAL,TMC,82478,313,82791,47.62,180629,2026,76106,Subhendu Sarkar,BJP,6685,3.7
39,West Bengal,BALURGHAT,Bidyut Kumar Roy,MALE,62.0,GENERAL,BJP,93950,1747,95697,60.45,167310,2026,48121,Arpita Ghosh,TMC,47576,28.44
40,West Bengal,TAPAN (ST),Budhrai Tudu,MALE,52.0,ST,BJP,104931,849,105780,56.66,195260,2026,68793,Chintamani Biha,TMC,36987,18.94
41,West Bengal,GANGARAMPUR (SC),Satyendra Nath Roy,MALE,69.0,SC,BJP,104013,1070,105083,54.5,200464,2026,76744,Goutam Das,TMC,28339,14.14
42,West Bengal,HARIRAMPUR,Biplab Mitra,MALE,74.0,GENERAL,TMC,92622,476,93098,45.62,211506,2026,91112,Debabrata Majumder,BJP,1986,0.94
43,West Bengal,HABIBPUR (ST),Joyel Murmu,MALE,42.0,ST,BJP,140972,1090,142062,62.41,238515,2026,63874,Amal Kisku,TMC,78188,32.78
44,West Bengal,GAZOLE (SC),Chinmoy Deb Barman,MALE,42.0,SC,BJP,130493,1048,131541,53.94,255389,2026,93349,Prasenjit Das,TMC,38192,14.95
45,West Bengal,CHANCHAL,Prasun Banerjee,MALE,56.0,GENERAL,TMC,127677,337,128014,54.61,244678,2026,64140,Ratan Das,BJP,63874,26.11
46,West Bengal,HARISCHANDRAPUR,Md. Matibur Rahaman,MALE,38.0,GENERAL,TMC,112766,338,113104,49.8,239042,2026,64833,Ratan Das,BJP,48271,20.19
47,West Bengal,MALATIPUR,Abdur Rahim Boxi,MALE,62.0,GENERAL,TMC,103876,247,104123,51.54,212732,2026,44376,Mausam B Noor,INC,59747,28.09
48,West Bengal,RATUA,Samar Mukherjee,MALE,84.0,GENERAL,TMC,106307,527,106834,45.82,247168,2026,74272,Abishek Singhania,BJP,32562,13.17
49,West Bengal,MANIKCHAK,Gour Chandra Mandal,MALE,47.0,SC,BJP,109266,852,110118,48.86,236535,2026,96180,Kabita Mandal,TMC,13938,5.89
50,West Bengal,MALDAHA (SC),Gopal Chandra Saha,MALE,49.0,SC,BJP,122375,1281,123656,56.0,231841,2026,73528,Lipika Barman Ghosh,TMC,50128,21.62
51,West Bengal,ENGLISH BAZAR,Amlan Bhaduri (buro),MALE,51.0,GENERAL,BJP,151507,2589,154096,65.7,249659,2026,60312,Asis Kundu (pata),TMC,93784,37.56
52,West Bengal,MOTHABARI,Islam Md Najrul,MALE,47.0,GENERAL,TMC,65206,499,65705,40.51,169594,2026,55209,Nibaran Ghosh,BJP,10496,6.19
53,West Bengal,SUJAPUR,Sabina Yeasmin,FEMALE,48.0,GENERAL,TMC,112438,357,112795,49.66,236585,2026,52508,Abdul Hannan,INC,60287,25.48
54,West Bengal,BAISNABNAGAR,Raju Karmakar,MALE,54.0,GENERAL,BJP,108106,586,108692,48.34,234158,2026,61811,Chandana Sarkar,TMC,46881,20.02
55,West Bengal,FARAKKA,Motab Shaikh,MALE,57.0,GENERAL,INC,62942,108,63050,36.06,181811,2026,54857,Sunil Chowdhuri,BJP,8193,4.51
56,West Bengal,SAMSERGANJ,Mohammed Noor Alam,MALE,43.0,GENERAL,TMC,61802,116,61918,39.84,161502,2026,54331,Md Najme Alam,INC,7587,4.7
57,West Bengal,SUTI,Emani Biswas,MALE,51.0,GENERAL,TMC,81072,258,81330,36.83,229360,2026,68973,Mahabir Ghosh,BJP,12357,5.39
58,West Bengal,JANGIPUR,Chitta Mukherjee,MALE,75.0,GENERAL,BJP,90481,720,91201,42.9,221206,2026,80659,Jakir Hossain,TMC,10542,4.77
59,West Bengal,RAGHUNATHGANJ,Akhruzzaman,MALE,61.0,GENERAL,TMC,88679,230,88909,45.65,200586,2026,48354,Nasir Saikh,INC,40555,20.22
60,West Bengal,SAGARDIGHI,Bayron Biswas,MALE,41.0,GENERAL,TMC,90455,326,90781,43.72,217262,2026,56521,Tapas Kumar Chakraborty,BJP,34260,15.77
61,West Bengal,LALGOLA,Abdul Aziz Doctor,MALE,30.0,GENERAL,TMC,67750,204,67954,37.72,186332,2026,48994,Touhidur Rahaman Suman,INC,18960,10.18
62,West Bengal,BHAGAWANGOLA,Reyat Hossain Sarkar,MALE,51.0,GENERAL,TMC,105747,250,105997,48.57,224767,2026,49590,Mahamudal Hasan,CPI(M),56407,25.1
63,West Bengal,RANINAGAR,Julfikar Ali,MALE,42.0,GENERAL,INC,79240,183,79423,33.48,244547,2026,76722,Abdul Soumik Hossain,TMC,2701,1.1
64,West Bengal,MURSHIDABAD,Gouri Sankar Ghosh,MALE,53.0,GENERAL,BJP,113803,640,114443,48.18,248676,2026,82922,Shaoni Singha Roy,TMC,31521,12.68
65,West Bengal,NABAGRAM (SC),Dilip Saha,MALE,64.0,SC,BJP,78231,508,78739,35.54,243554,2026,72820,Pronab Chandra Das,TMC,5919,2.43
66,West Bengal,KHARGRAM (SC),Mitali Mal,FEMALE,28.0,SC,BJP,77367,381,77748,38.02,231076,2026,68415,Ashis Marjit,TMC,9333,4.04
67,West Bengal,BURWAN (SC),Sukhen Kumar Bagdi,MALE,60.0,SC,BJP,91128,533,91661,48.52,214906,2026,69361,Protima Rajak,TMC,22300,10.38
68,West Bengal,KANDI,Gargi Das Ghosh,FEMALE,61.0,GENERAL,BJP,72590,765,73355,36.78,234139,2026,63020,Apurba Sarkar (david),TMC,10335,4.41
69,West Bengal,BHARATPUR,Mustafijur Rahaman (suman),MALE,45.0,GENERAL,TMC,90392,478,90870,42.38,240461,2026,60117,Anamika Ghosh,BJP,30753,12.79
70,West Bengal,REJINAGAR,Humayun Kabir,MALE,63.0,GENERAL,AJUP,123266,270,123536,51.62,257373,2026,64660,Bapan Ghosh,BJP,58876,22.88
71,West Bengal,BELDANGA,Bharat Kumar Jhawar,MALE,75.0,GENERAL,BJP,72020,852,72872,31.88,244767,2026,59664,Rabiul Alam Chowdhury,TMC,13208,5.4
72,West Bengal,BAHARAMPUR,Subrata Maitra (kanchan),MALE,59.0,GENERAL,BJP,89359,1729,91088,40.62,241429,2026,73540,Adhir Ranjan Chowdhury,INC,17548,7.27
73,West Bengal,HARIHARPARA,Niamot Sheikh,MALE,75.0,GENERAL,TMC,80007,331,80338,34.14,245668,2026,67673,Bijoy Sekh,AJUP,12665,5.16
74,West Bengal,NOWDA,Humayun Kabir,MALE,63.0,GENERAL,AJUP,86389,74,86463,39.02,236256,2026,58520,Rana Mandal,BJP,27943,11.83
75,West Bengal,DOMKAL,Md. Mostafijur Rahaman,MALE,46.0,GENERAL,CPI(M),107575,307,107882,41.85,267693,2026,91586,Humayun Kabir,TMC,16296,6.09
76,West Bengal,JALANGI,Babar Ali,MALE,32.0,GENERAL,TMC,88318,366,88684,35.01,263066,2026,67168,Ianus Ali Sarkar,CPI(M),21516,8.18
77,West Bengal,KARIMPUR,Samarendranath Ghosh,MALE,54.0,GENERAL,BJP,104077,1157,105234,43.68,253802,2026,95049,Soham Chakraborty,TMC,10185,4.01
78,West Bengal,TEHATTA,Subrata Kabiraj,MALE,55.0,GENERAL,BJP,110737,1401,112138,48.01,253796,2026,83885,Dilip Kumar Poddar,TMC,28253,11.13
79,West Bengal,PALASHIPARA,Rukbanur Rahman,MALE,57.0,GENERAL,TMC,88648,593,89241,41.58,232690,2026,77787,Anima Dutta,BJP,11454,4.92
80,West Bengal,KALIGANJ,Alifa Ahmed,FEMALE,39.0,GENERAL,TMC,88457,835,89292,40.77,233595,2026,79120,Bapan Ghosh,BJP,10172,4.35
81,West Bengal,NAKASHIPARA,Santanu Dey,MALE,56.0,GENERAL,BJP,99387,1213,100600,48.85,219401,2026,83273,Kallol Khan,TMC,17327,7.9
82,West Bengal,CHAPRA,Jeber Sekh,MALE,49.0,GENERAL,TMC,96231,854,97085,46.06,232860,2026,66305,Saikat Sarkar,BJP,30780,13.22
83,West Bengal,KRISHNANAGAR UTTAR,Tarak Nath Chatterjee,MALE,45.0,GENERAL,BJP,131049,2162,133211,65.93,217296,2026,54850,Somnath Dutta,TMC,78361,36.06
84,West Bengal,NABADWIP,Srutisekhar Goswami,MALE,53.0,GENERAL,BJP,107620,1011,108631,49.79,230481,2026,87187,Pundarikakshya Saha,TMC,21444,9.3
85,West Bengal,KRISHNANAGAR DAKSHIN,Sadhan Ghosh,MALE,48.0,GENERAL,BJP,101654,1208,102862,52.19,210686,2026,75061,Ujjal Biswas,TMC,27801,13.2
86,West Bengal,SANTIPUR,Swapan Kumar Das,MALE,62.0,GENERAL,BJP,116675,1266,117941,54.86,227916,2026,72565,Brajakishore Goswami,TMC,45376,19.91
87,West Bengal,RANAGHAT UTTAR PASCHIM,Partha Sarathi Chatterjee(babu),MALE,72.0,GENERAL,BJP,127605,1441,129046,59.43,233327,2026,71495,Tapas Kumar Ghosh,TMC,57551,24.67
88,West Bengal,KRISHNAGANJ (SC),Sukanta Biswas,MALE,39.0,SC,BJP,138007,1831,139838,60.15,254486,2026,78939,Samir Kumar Poddar,TMC,60899,23.93
89,West Bengal,RANAGHAT UTTAR PURBA (SC),Ashim Biswas,MALE,49.0,SC,BJP,124539,1696,126235,59.71,233552,2026,74492,Barnali Dey Roy,TMC,51743,22.15
90,West Bengal,RANAGHAT DAKSHIN (SC),Ashim Kumar Biswas,MALE,56.0,SC,BJP,138655,1355,140010,60.17,254197,2026,75546,Sougata Kumar Burman,TMC,64464,25.36
91,West Bengal,CHAKDAHA,Bankim Chandra Ghosh,MALE,67.0,GENERAL,BJP,113946,1487,115433,54.78,224671,2026,78488,Subhankar Singha (jishu),TMC,36945,16.44
92,West Bengal,KALYANI (SC),Anupam Biswas,MALE,59.0,SC,BJP,113368,1101,114469,53.12,230939,2026,79677,Dr. Atindra Nath Mondal,TMC,34792,15.07
93,West Bengal,HARINGHATA (SC),Asim Kumar Sarkar,MALE,65.0,SC,BJP,106957,943,107900,50.72,225582,2026,85845,Dr. Rajib Biswas.,TMC,22055,9.78
94,West Bengal,BAGDA (SC),Soma Thakur,FEMALE,40.0,SC,BJP,120426,881,121307,55.84,241642,2026,86691,Madhuparna Thakur,TMC,34616,14.33
95,West Bengal,BANGAON UTTAR (SC),Ashok Kirtania,MALE,52.0,SC,BJP,117955,1362,119317,56.46,226988,2026,78647,Biswajit Das,TMC,40670,17.92
96,West Bengal,BANGAON DAKSHIN (SC),Swapan Majumder,MALE,44.0,SC,BJP,118372,1027,119399,56.27,228861,2026,81585,Rituparna Addhya,TMC,37814,16.52
97,West Bengal,GAIGHATA (SC),Subrata Thakur,MALE,45.0,SC,BJP,120123,1199,121322,57.99,223535,2026,73639,Narottam Biswas,TMC,47683,21.33
98,West Bengal,SWARUPNAGAR (SC),Bina Mondal,FEMALE,50.0,SC,TMC,94147,666,94813,43.47,229583,2026,78796,Tarak Saha,BJP,16017,6.98
99,West Bengal,BADURIA,Burhanul Mukaddim (liton),MALE,48.0,GENERAL,TMC,102675,659,103334,45.45,236598,2026,63273,Sukriti Kumar Sarkar,BJP,40061,16.93
100,West Bengal,HABRA,Debdas Mondal,MALE,58.0,GENERAL,BJP,103750,895,104645,52.66,209653,2026,73183,Jyoti Priya Mallick,TMC,31462,15.01
101,West Bengal,ASHOKNAGAR,Dr. Sumay Hira,MALE,67.0,GENERAL,BJP,95941,866,96807,44.05,229948,2026,87399,Narayan Goswami,TMC,9408,4.09
102,West Bengal,AMDANGA,Mohammad Kasem Siddique,MALE,46.0,GENERAL,TMC,81318,352,81670,38.25,221501,2026,78675,Arindam Dey,BJP,2995,1.35
103,West Bengal,BIJPUR,Sudipta Das,MALE,41.0,GENERAL,BJP,71130,669,71799,49.56,158512,2026,58456,Subodh Adhikary,TMC,13343,8.42
104,West Bengal,NAIHATI,Sumitro Chatterjee,MALE,62.0,GENERAL,BJP,76696,788,77484,49.15,171184,2026,67054,Sanat Dey,TMC,10430,6.09
105,West Bengal,BHATPARA,Pawan Kumar Singh,MALE,38.0,GENERAL,BJP,61277,406,61683,58.02,117493,2026,38876,Amit Gupta,TMC,22807,19.41
106,West Bengal,JAGATDAL,Dr. Rajesh Kumar,MALE,60.0,GENERAL,BJP,93541,810,94351,51.5,196204,2026,73442,Somenath Shyam Ichini,TMC,20909,10.66
107,West Bengal,NOAPARA,Arjun Singh,MALE,64.0,GENERAL,BJP,93483,932,94415,48.37,214216,2026,76759,Trinankur Bhattacharjee,TMC,17656,8.24
108,West Bengal,BARRACKPUR,Kaustuv Bagchi,MALE,35.0,GENERAL,BJP,77559,907,78466,50.65,171212,2026,62644,Raj Chakraborty (raju),TMC,15822,9.24
109,West Bengal,KHARDAHA,Kalyan Chakraborti,MALE,59.0,GENERAL,BJP,97053,699,97752,49.75,210105,2026,73266,Devadeep Purohit,TMC,24486,11.65
110,West Bengal,DUM DUM UTTAR,Sourav Sikdar,MALE,48.0,GENERAL,BJP,102610,674,103284,46.24,240505,2026,76880,Chandrima Bhattacharya,TMC,26404,10.98
111,West Bengal,PANIHATI,Ratna Debnath,FEMALE,54.0,GENERAL,BJP,87279,698,87977,50.28,189867,2026,59141,Tirthankar Ghosh,TMC,28836,15.19
112,West Bengal,KAMARHATI,Madan Mitra,MALE,71.0,GENERAL,TMC,64494,323,64817,43.71,162833,2026,59171,Arup Choudhury (pulak),BJP,5646,3.47
113,West Bengal,BARANAGAR,Sajal Ghosh,MALE,53.0,GENERAL,BJP,81009,721,81730,48.26,186656,2026,64774,Sayantika Banerjee,TMC,16956,9.08
114,West Bengal,DUM DUM,Arijit Bakshi,MALE,41.0,GENERAL,BJP,98252,929,99181,50.07,217724,2026,73908,Bratyabrata Basu,TMC,25273,11.61
115,West Bengal,RAJARHAT NEW TOWN,Piyush Kanodia,MALE,43.0,GENERAL,BJP,106077,487,106564,42.19,267716,2026,106248,Tapash Chatterjee,TMC,316,0.12
116,West Bengal,BIDHANNAGAR,Sharadwat Mukherjee,MALE,56.0,GENERAL,BJP,97187,792,97979,55.2,203960,2026,60649,Sujit Bose,TMC,37330,18.3
117,West Bengal,RAJARHAT GOPALPUR,Tarunjyoti Tewari,MALE,37.0,GENERAL,BJP,100466,811,101277,51.74,218980,2026,73520,Aditi Munshi,TMC,27757,12.68
118,West Bengal,MADHYAMGRAM,Rathin Ghosh,MALE,68.0,GENERAL,TMC,95348,647,95995,41.21,244690,2026,93596,Anindya Banerjee,BJP,2399,0.98
119,West Bengal,BARASAT,Sankar Chatterjee,MALE,60.0,GENERAL,BJP,120837,1334,122171,51.64,252684,2026,87613,Sabyasachi Dutta,TMC,34558,13.68
120,West Bengal,DEGANGA,Anisur Rahaman Bidesh,MALE,38.0,GENERAL,TMC,100695,419,101114,43.31,240229,2026,83296,Md Mofidul Hoque Sahaji Mintu,AISF,17818,7.42
121,West Bengal,HAROA,Abdul Matin Muhammad,MALE,52.0,GENERAL,TMC,117296,295,117591,49.52,243479,2026,68250,Piyarul Islam,AISF,49341,20.26
122,West Bengal,MINAKHAN (SC),Usha Rani Mondal,FEMALE,52.0,SC,TMC,91831,248,92079,42.66,222038,2026,59787,Rudrendra Patra,BJP,32292,14.54
123,West Bengal,SANDESHKHALI (ST),Sanat Sardar,MALE,47.0,ST,BJP,106677,512,107189,49.58,223320,2026,89679,Jharna Sardar,TMC,17510,7.84
124,West Bengal,BASIRHAT DAKSHIN,Surajit Mitra (badal),MALE,52.0,GENERAL,TMC,112532,433,112965,45.09,260723,2026,103421,Dr. Sourya Banerjee,BJP,9544,3.66
125,West Bengal,BASIRHAT UTTAR,Md. Tauseffur Rahman,MALE,35.0,GENERAL,TMC,114964,539,115503,48.42,245638,2026,58233,Md. Musa Karemulla,AISF,57270,23.31
126,West Bengal,HINGALGANJ (SC),Rekha Patra,FEMALE,32.0,SC,BJP,99440,767,100207,48.39,215357,2026,94786,Ananda Sarkar,TMC,5421,2.52
127,West Bengal,GOSABA (SC),Bikarna Naskar,MALE,41.0,SC,BJP,107630,862,108492,51.34,221427,2026,92392,Subrata Mondal,TMC,16100,7.27
128,West Bengal,BASANTI (SC),Nilima Mistry Bishal,FEMALE,43.0,SC,TMC,126957,538,127495,54.99,240362,2026,71314,Bikash Sardar,BJP,56181,23.37
129,West Bengal,KULTALI (SC),Ganesh Chandra Mondal,MALE,46.0,SC,TMC,145900,535,146435,57.75,261761,2026,87159,Madhabi Mahalder,BJP,59276,22.65
130,West Bengal,PATHARPRATIMA,Samir Kumar Jana,MALE,76.0,GENERAL,TMC,116564,600,117164,47.62,257862,2026,112291,Asit Kumar Haldar,BJP,4873,1.89
131,West Bengal,KAKDWIP,Dipankar Jana,MALE,56.0,GENERAL,BJP,108774,599,109373,47.29,241891,2026,104613,Manturam Pakhira,TMC,4760,1.97
132,West Bengal,SAGAR,Sumanta Mandal,MALE,39.0,SC,BJP,126801,1001,127802,49.52,274488,2026,119921,Bankim Chandra Hazra,TMC,7881,2.87
133,West Bengal,KULPI,Barnali Dhara,FEMALE,51.0,GENERAL,TMC,90858,408,91266,43.94,216699,2026,80883,Abani Naskar,BJP,10383,4.79
134,West Bengal,RAIDIGHI,Tapas Mondal S/o-shibprasad Mondal,MALE,65.0,GENERAL,TMC,118308,683,118991,46.16,267926,2026,113034,Palash Rana,BJP,5957,2.22
135,West Bengal,MANDIRBAZAR (SC),Joydeb Halder S/o - Kartick Chandra Halder,MALE,50.0,SC,TMC,93197,489,93686,43.94,222142,2026,91691,Mallika Paik W/o - Ashok Paik,BJP,1995,0.9
136,West Bengal,JAYNAGAR (SC),Biswanath Das,MALE,60.0,SC,TMC,107742,452,108194,49.38,227343,2026,81844,Aloke Halder,BJP,26350,11.59
137,West Bengal,BARUIPUR PURBA (SC),Bivas Sardar,MALE,48.0,SC,TMC,120528,459,120987,50.98,245159,2026,89172,Tumpa Sardar,BJP,31815,12.98
138,West Bengal,CANNING PASCHIM (SC),Paresh Ram Das,MALE,48.0,SC,TMC,120029,519,120548,52.26,238344,2026,79883,Prasanta Bayen,BJP,40665,17.06
139,West Bengal,CANNING PURBA,Md Baharul Islam,MALE,38.0,GENERAL,TMC,148207,480,148687,61.53,246698,2026,56733,Arabul Islam,AISF,91954,37.27
140,West Bengal,BARUIPUR PASCHIM,Biman Banerjee,MALE,77.0,GENERAL,TMC,103909,872,104781,47.41,233239,2026,86919,Biswajit Paul,BJP,17862,7.66
141,West Bengal,MAGRAHAT PURBA (SC),Sarmistha Purkait,FEMALE,33.0,SC,TMC,107933,479,108412,48.8,232718,2026,76805,Uttam Kumar Banik,BJP,31607,13.58
142,West Bengal,MAGRAHAT PASCHIM,Md. Samim Ahamed Molla,MALE,38.0,GENERAL,TMC,113263,571,113834,55.43,217102,2026,55331,Goursundar Ghosh,BJP,58503,26.95
143,West Bengal,DIAMOND HARBOUR,Panna Lal Halder,MALE,75.0,GENERAL,TMC,118678,642,119320,51.38,245251,2026,88054,Dipak Kumar Halder,BJP,31266,12.75
145,West Bengal,SATGACHHIA,Agniswar Naskar,MALE,47.0,GENERAL,BJP,110412,611,111023,46.38,256303,2026,110622,Somashree Betal,TMC,401,0.16
146,West Bengal,BISHNUPUR (SC),Dilip Mondal,MALE,58.0,SC,TMC,132051,596,132647,52.93,268346,2026,95722,Abhijit Sardar,BJP,36925,13.76
147,West Bengal,SONARPUR DAKSHIN,Rupa Ganguly,FEMALE,59.0,GENERAL,BJP,126968,2002,128970,52.34,261143,2026,93188,Arundhuti Maitra(lovely),TMC,35782,13.7
148,West Bengal,BHANGAR,Md Nawsad Siddique,MALE,33.0,GENERAL,AISF,126298,257,126555,47.33,272748,2026,94467,Saokat Molla,TMC,32088,11.76
149,West Bengal,KASBA,Ahmed Javed Khan,MALE,69.0,GENERAL,TMC,117437,456,117893,48.88,265693,2026,96919,Banerjee Sandip,BJP,20974,7.89
150,West Bengal,JADAVPUR,Sarbori Mukherjee,FEMALE,56.0,GENERAL,BJP,105224,975,106199,45.96,260915,2026,78483,Debabrata Majumdar (malay),TMC,27716,10.62
151,West Bengal,SONARPUR UTTAR,Debasish Dhar,MALE,50.0,GENERAL,BJP,118980,844,119824,46.73,273312,2026,110017,Firdousi Begam,TMC,9807,3.59
152,West Bengal,TOLLYGANJ,Papia Adhikary,FEMALE,64.0,GENERAL,BJP,87693,714,88407,42.99,230098,2026,82394,Aroop Biswas,TMC,6013,2.61
153,West Bengal,BEHALA PURBA,Sankar Sikder,MALE,55.0,GENERAL,BJP,114598,904,115502,49.22,259876,2026,90365,Subhasish Chakraborty,TMC,25137,9.67
154,West Bengal,BEHALA PASCHIM,Dr. Indranil Khan,MALE,37.0,GENERAL,BJP,112104,1067,113171,47.39,266349,2026,88472,Ratna Chatterjee,TMC,24699,9.27
155,West Bengal,MAHESHTALA,Subhasis Das,MALE,49.0,GENERAL,TMC,116507,304,116811,50.83,243529,2026,83898,Tamanath Bhowmick,BJP,32913,13.52
156,West Bengal,BUDGE BUDGE,Ashok Kumar Deb,MALE,76.0,GENERAL,TMC,126425,666,127091,58.27,230052,2026,80241,Dr Tarun Kumar Adak,BJP,46850,20.36
157,West Bengal,METIABURUZ,Abdul Khaleque Molla,MALE,81.0,GENERAL,TMC,124040,190,124230,68.99,189557,2026,36351,Bir Bahadur Singh,BJP,87879,46.36
158,West Bengal,KOLKATA PORT,Firhad Hakim,MALE,67.0,GENERAL,TMC,100881,345,101226,65.43,171825,2026,45146,Rakesh Singh,BJP,56080,32.64
159,West Bengal,BHABANIPUR,Adhikari Suvendu,MALE,57.0,GENERAL,BJP,73463,454,73917,53.02,160563,2026,58812,Mamata Banerjee,TMC,15105,9.41
160,West Bengal,RASHBEHARI,Dasgupta Swapan,MALE,70.0,GENERAL,BJP,73398,725,74123,53.4,158586,2026,53258,Debasish Kumar (deba),TMC,20865,13.16
161,West Bengal,BALLYGUNGE,Sobhandeb Chattopadhyay,MALE,82.0,GENERAL,TMC,108071,410,108481,64.81,188988,2026,47005,Shatorupa,BJP,61476,32.53
162,West Bengal,CHOWRANGEE,Bandyopadhyay Nayna,FEMALE,57.0,GENERAL,TMC,62720,218,62938,57.15,126715,2026,40936,Santosh Kumar Pathak,BJP,22002,17.36
163,West Bengal,ENTALLY,Sandipan Saha,MALE,47.0,GENERAL,TMC,94244,183,94427,57.16,179088,2026,60421,Dr. Priyanka Tibrewal,BJP,34006,18.99
164,West Bengal,BELEGHATA,Kunal Kumar Ghosh,MALE,58.0,GENERAL,TMC,93333,424,93757,53.85,190746,2026,65181,Partha Chaudhury,BJP,28576,14.98
165,West Bengal,JORASANKO,Vijay Ojha,MALE,52.0,GENERAL,BJP,52653,215,52868,49.48,122746,2026,47071,Vijay Upadhyay,TMC,5797,4.72
166,West Bengal,SHYAMPUKUR,Purnima Chakraborty,FEMALE,42.0,GENERAL,BJP,59993,255,60248,51.6,131890,2026,45615,Shashi Panja,TMC,14633,11.09
167,West Bengal,MANIKTALA,Tapas Roy,MALE,70.0,GENERAL,BJP,75944,426,76370,50.67,165961,2026,60726,Shrreya Pande,TMC,15644,9.43
168,West Bengal,KASHIPUR-BELGACHHIA,Ritesh Tiwari,MALE,54.0,GENERAL,BJP,67856,512,68368,45.41,168019,2026,66717,Atin Ghosh,TMC,1651,0.98
169,West Bengal,BALLY,Sanjay Kumar Singh,MALE,57.0,GENERAL,BJP,57216,423,57639,48.91,133780,2026,45642,Kailash Kumar Mishra,TMC,11997,8.97
170,West Bengal,HOWRAH UTTAR,Umesh Rai,MALE,48.0,GENERAL,BJP,67166,373,67539,50.76,150110,2026,56289,Gautam Chowdhury,TMC,11250,7.49
171,West Bengal,HOWRAH MADHYA,Arup Roy,MALE,70.0,GENERAL,TMC,95416,532,95948,49.6,214910,2026,79865,Biplab Kumar Mandal,BJP,16083,7.48
172,West Bengal,SHIBPUR,Rudranil Ghosh,MALE,53.0,GENERAL,BJP,88972,643,89615,49.42,195103,2026,73557,Dr. Rana Chatterjee,TMC,16058,8.23
173,West Bengal,HOWRAH DAKSHIN,Nandita Chowdhury,FEMALE,65.0,GENERAL,TMC,100008,532,100540,45.28,240748,2026,92712,Shyamal Kumar Hati,BJP,7828,3.25
174,West Bengal,SANKRAIL (SC),Priya Paul,FEMALE,55.0,SC,TMC,105157,255,105412,45.99,240335,2026,88672,Barnali Dhali Naskar,BJP,16740,6.97
175,West Bengal,PANCHLA,Gulsan Mullick,MALE,68.0,GENERAL,TMC,123547,420,123967,52.72,248515,2026,85647,Ranjan Paul,BJP,38320,15.42
176,West Bengal,ULUBERIA PURBA,Ritabrata Banerjee,MALE,47.0,GENERAL,TMC,95280,353,95633,45.97,218601,2026,83795,Rudra Prosad Banerjee,BJP,11838,5.42
177,West Bengal,ULUBERIA UTTAR (SC),Chiran Bera,MALE,38.0,SC,BJP,92749,571,93320,45.87,214715,2026,89143,Bimal Kumar Das,TMC,4177,1.95
178,West Bengal,ULUBERIA DAKSHIN,Pulak Roy,MALE,59.0,GENERAL,TMC,109217,432,109649,48.46,237104,2026,92462,Swami Mangalananda Puri,BJP,17187,7.25
179,West Bengal,SHYAMPUR,Dr. Hiranmoy Chattopadhyaya (hiraan),MALE,49.0,GENERAL,BJP,124708,943,125651,51.36,259440,2026,103391,Nadebasi Jana,TMC,22260,8.58
180,West Bengal,BAGNAN,Arunava Sen,MALE,50.0,GENERAL,TMC,104458,602,105060,48.1,230726,2026,93744,Pramanshu Rana,BJP,11316,4.9
181,West Bengal,AMTA,Amit Samanta,MALE,35.0,GENERAL,BJP,104133,516,104649,44.16,257113,2026,100195,Sukanta Kumar Paul,TMC,4454,1.73
182,West Bengal,UDAYNARAYANPUR,Samir Kumar Panja,MALE,61.0,GENERAL,TMC,105116,686,105802,49.53,229303,2026,93575,Probhakar Pandit,BJP,12227,5.33
183,West Bengal,JAGATBALLAVPUR,Anupam Ghosh,MALE,47.0,GENERAL,BJP,115077,531,115608,45.78,270866,2026,108937,Subir Chatterjee (tinkai),TMC,6671,2.46
184,West Bengal,DOMJUR,Tapas Maity,MALE,46.0,GENERAL,TMC,133633,403,134036,52.73,269344,2026,91859,Gobinda Hazra,BJP,42177,15.66
185,West Bengal,UTTARPARA,Dipanjan Chakraborty,MALE,60.0,GENERAL,BJP,80144,468,80612,39.24,228576,2026,70197,Sirsanya Bandopadhyay,TMC,10415,4.56
186,West Bengal,SREERAMPUR,Bhaskar Bhattacharya,MALE,68.0,GENERAL,BJP,85079,565,85644,45.97,206216,2026,76959,Tanmoy Ghosh,TMC,8685,4.21
187,West Bengal,CHAMPDANI,Dilip Singh,MALE,50.0,GENERAL,BJP,92979,725,93704,45.84,222304,2026,90678,Arindam Guin (bubai),TMC,3026,1.36
188,West Bengal,SINGUR,Arup Kumar Das,MALE,52.0,GENERAL,BJP,112332,676,113008,50.77,237516,2026,91570,Becharam Manna,TMC,21438,9.03
189,West Bengal,CHANDANNAGAR,Deepanjan Kumar Guha,MALE,44.0,GENERAL,BJP,85395,878,86273,46.16,203795,2026,72832,Indranil Sen,TMC,13441,6.6
190,West Bengal,CHUNCHURA,Subir Nag,MALE,53.0,GENERAL,BJP,135877,1827,137704,53.96,276244,2026,94269,Debangshu Bhattacharya,TMC,43435,15.72
191,West Bengal,BALAGARH (SC),Sumana Sarkar,FEMALE,44.0,SC,BJP,124850,774,125624,55.58,240491,2026,83710,Ranjan Dhara,TMC,41914,17.43
192,West Bengal,PANDUA,Tusar Kumar Majumdar,MALE,46.0,GENERAL,BJP,100798,551,101349,43.36,249215,2026,96121,Samir Chakraborty,TMC,5228,2.1
193,West Bengal,SAPTAGRAM,Swaraj Ghosh,MALE,45.0,GENERAL,BJP,101726,688,102414,52.1,210597,2026,79125,Bidesh Ranjan Bose,TMC,23289,11.06
194,West Bengal,CHANDITALA,Swati Khandoker,FEMALE,58.0,GENERAL,TMC,106819,324,107143,47.1,246622,2026,87480,Debasish Mukherjee,BJP,19663,7.97
195,West Bengal,JANGIPARA,Prosenjit Bag,MALE,50.0,SC,BJP,101748,661,102409,44.09,251164,2026,101547,Snehasis Chakraborty,TMC,862,0.34
196,West Bengal,HARIPAL,Madhumita Ghosh,FEMALE,52.0,GENERAL,BJP,112324,1008,113332,46.07,264434,2026,109844,Karabi Manna,TMC,3488,1.32
197,West Bengal,DHANEKHALI (SC),Asima Patra,FEMALE,58.0,SC,TMC,122817,645,123462,49.85,262844,2026,110405,Barnali Das,BJP,13057,4.97
198,West Bengal,TARAKESWAR,Santu Pan,MALE,29.0,GENERAL,BJP,115792,1109,116901,52.76,235634,2026,85902,Ramendu Sinharay,TMC,30999,13.16
199,West Bengal,PURSURAH,Biman Ghosh,MALE,42.0,GENERAL,BJP,137712,1109,138821,57.62,259825,2026,85368,Partha Hazari,TMC,53453,20.57
200,West Bengal,ARAMBAG (SC),Bag Hemanta,MALE,31.0,SC,BJP,121926,1074,123000,52.15,253519,2026,94041,Bag Mita,TMC,28959,11.42
201,West Bengal,GOGHAT (SC),Prasanta Digar,MALE,39.0,SC,BJP,133441,1057,134498,57.4,248328,2026,84916,Dr. Nirmal Maji,TMC,49582,19.97
202,West Bengal,KHANAKUL,Susanta Ghosh,MALE,37.0,GENERAL,BJP,126019,710,126729,53.44,268692,2026,92246,Palash Kumar Roy,TMC,34483,12.83
203,West Bengal,TAMLUK,Hare Krishna Bera,MALE,66.0,GENERAL,BJP,135055,1511,136566,53.15,274816,2026,101837,Dipendra Narayan Roy,TMC,34729,12.64
204,West Bengal,PANSKURA PURBA,Subrata Maity(rana),MALE,43.0,GENERAL,BJP,108574,690,109264,49.5,238674,2026,91361,Ashim Kumar Maji,TMC,17903,7.5
205,West Bengal,PANSKURA PASCHIM,Sintu Senapati,MALE,35.0,GENERAL,BJP,136447,1472,137919,53.37,279248,2026,105352,Siraj Khan,TMC,32567,11.66
206,West Bengal,MOYNA,Ashoke Dinda,MALE,43.0,GENERAL,BJP,125506,1660,127166,51.62,265481,2026,110925,Chandan Mondal,TMC,16241,6.12
207,West Bengal,NANDAKUMAR,Khanra Nirmal,MALE,40.0,GENERAL,BJP,130333,1143,131476,52.73,264738,2026,100873,Sukumar De,TMC,30603,11.56
208,West Bengal,MAHISADAL,Subhas Chandra Panja,MALE,68.0,GENERAL,BJP,120386,1198,121584,51.05,253752,2026,95346,Tilak Kumar Chakraborty,TMC,26238,10.34
209,West Bengal,HALDIA (SC),Pradip Kumar Bijali,MALE,55.0,SC,BJP,130881,1302,132183,55.2,252092,2026,83121,Tapasi Mondal,TMC,49062,19.46
210,West Bengal,NANDIGRAM,Adhikari Suvendu,MALE,57.0,GENERAL,BJP,125969,1332,127301,50.37,267174,2026,117636,Pabitra Kar,TMC,9665,3.62
211,West Bengal,CHANDIPUR,Pijush Kanti Das,MALE,70.0,GENERAL,BJP,124701,1346,126047,52.09,256364,2026,105777,Uttam Barik,TMC,20270,7.91
212,West Bengal,PATASHPUR,Tapan Maity,MALE,52.0,GENERAL,BJP,115401,1188,116589,50.24,247529,2026,107538,Pijus Kanti Panda,TMC,9051,3.66
213,West Bengal,KANTHI UTTAR,Sumita Sinha,FEMALE,58.0,GENERAL,BJP,128833,1255,130088,52.16,263871,2026,110033,Debasis Bhunya,TMC,20055,7.6
214,West Bengal,BHAGABANPUR,Santanu Pramanik,MALE,41.0,SC,BJP,129356,1230,130586,52.73,264293,2026,109708,Manab Kumar Parua,TMC,20878,7.9
215,West Bengal,KHEJURI (SC),Subrata Paik,MALE,58.0,SC,BJP,128593,1282,129875,54.96,248386,2026,97185,Rabin Chandra Mandal,TMC,32690,13.16
216,West Bengal,KANTHI DAKSHIN,Arup Kumar Das,MALE,68.0,GENERAL,BJP,116110,2109,118219,55.54,228412,2026,86747,Tarun Kumar Jana,TMC,31472,13.78
217,West Bengal,RAMNAGAR,Dr. Chandra Sekhar Mondal,MALE,42.0,GENERAL,BJP,130466,1342,131808,53.83,269545,2026,104869,Akhil Giri,TMC,26939,9.99
218,West Bengal,EGRA,Adhikari Dibyendu,MALE,49.0,GENERAL,BJP,141231,1439,142670,52.96,291907,2026,116978,Tarun Kumar Maity,TMC,25692,8.8
219,West Bengal,DANTAN,Ajit Kumar Jana,MALE,71.0,GENERAL,BJP,109458,801,110259,50.49,236370,2026,99883,Manik Maiti,TMC,10376,4.39
220,West Bengal,NAYAGRAM (ST),Amiya Kisku,MALE,48.0,ST,BJP,99691,1166,100857,48.56,227076,2026,94433,Dulal Murmu,TMC,6424,2.83
221,West Bengal,GOPIBALLAVPUR,Rajesh Mahata,MALE,51.0,GENERAL,BJP,113565,1118,114683,53.75,228063,2026,88008,Ajit Mahata,TMC,26675,11.7
222,West Bengal,JHARGRAM,Lakshmi Kanta Sau,MALE,48.0,GENERAL,BJP,119065,1812,120877,54.71,235603,2026,82730,Mongal Saren,TMC,38147,16.19
223,West Bengal,KESHIARY (ST),Bhadra Hemram,MALE,49.0,ST,BJP,112886,827,113713,50.8,238855,2026,97826,Ramjiban Mandi,TMC,15887,6.65
224,West Bengal,KHARAGPUR SADAR,Dilip Ghosh,MALE,61.0,GENERAL,BJP,88934,951,89885,55.6,180764,2026,59379,Pradip Sarkar,TMC,30506,16.88
225,West Bengal,NARAYANGARH,Giri Ramaprasad,MALE,51.0,GENERAL,BJP,115133,917,116050,51.45,239375,2026,95683,Pratibha Maiti,TMC,20367,8.51
226,West Bengal,SABANG,Amal Kumar Panda,MALE,73.0,GENERAL,BJP,126496,1287,127783,49.66,274846,2026,116647,Manas Ranjan Bhunia,TMC,11136,4.05
227,West Bengal,PINGLA,Swagata Manna,FEMALE,41.0,GENERAL,BJP,123210,979,124189,51.16,256233,2026,105709,Ajit Maity,TMC,18480,7.21
228,West Bengal,KHARAGPUR,Dinen Roy,MALE,70.0,GENERAL,TMC,97970,350,98320,47.14,218527,2026,95448,Tapan Bhuya,BJP,2872,1.31
229,West Bengal,DEBRA,Subhashis Om,MALE,41.0,GENERAL,BJP,113489,974,114463,52.67,232197,2026,85662,Rajib Banerjee,TMC,28801,12.4
230,West Bengal,DASPUR,Tapan Kumar Dutta,MALE,64.0,GENERAL,BJP,132251,820,133071,52.8,296256,2026,100937,Ashis Hudait,TMC,32134,10.85
231,West Bengal,GHATAL (SC),Sital Kapat,MALE,36.0,SC,BJP,130500,1050,131550,54.35,276794,2026,93893,Shyamali Sardar,TMC,37657,13.6
232,West Bengal,CHANDRAKONA (SC),Sukanta Dolui,MALE,41.0,SC,BJP,139736,781,140517,53.09,283081,2026,107036,Doloi Surjya Kanta,TMC,33481,11.83
233,West Bengal,GARBETA,Pradip Lodha,MALE,65.0,GENERAL,BJP,112849,903,113752,51.23,233655,2026,87527,Uttara Singha (hazra),TMC,26225,11.22
234,West Bengal,SALBONI,Biman Mahata,MALE,36.0,GENERAL,BJP,131680,1176,132856,49.86,279613,2026,117613,Srikanta Mahata,TMC,15243,5.45
235,West Bengal,KESHPUR (SC),Seuli Saha,FEMALE,56.0,SC,TMC,142633,490,143123,56.36,268213,2026,93018,Suvendu Samanta,BJP,50105,18.68
236,West Bengal,MEDINIPUR,Sankar Kumar Guchhait,MALE,42.0,GENERAL,BJP,130940,2101,133041,54.51,260610,2026,94294,Sujoy Hazra,TMC,38747,14.87
237,West Bengal,BINPUR (ST),Dr. Pranat Tudu,MALE,48.0,ST,BJP,105828,1410,107238,51.54,221524,2026,84261,Birbaha Hansda,TMC,22977,10.37
238,West Bengal,BANDWAN (ST),Labsen Baskey,MALE,50.0,ST,BJP,132724,1356,134080,50.37,286171,2026,104503,Rajib Lochan Saren,TMC,29577,10.34
239,West Bengal,BALARAMPUR,Jaladhar Mahato,MALE,40.0,GENERAL,BJP,117315,1106,118421,53.84,235710,2026,83370,Shantiram Mahato,TMC,35051,14.87
240,West Bengal,BAGHMUNDI,Rahidas Mahato,MALE,35.0,GENERAL,BJP,111562,1101,112663,48.95,250978,2026,71846,Sushanta Mahato,TMC,40817,16.26
241,West Bengal,JOYPUR,Biswajit Mahato,MALE,35.0,GENERAL,BJP,103904,764,104668,44.88,254082,2026,82450,Arjun Mahato,TMC,22218,8.74
242,West Bengal,PURULIA,Sudip Kumar Mukherjee,MALE,55.0,GENERAL,BJP,127078,1376,128454,55.69,252313,2026,79201,Sujoy Banerjee,TMC,49253,19.52
243,West Bengal,MANBAZAR (ST),Mayna Murmu,FEMALE,27.0,ST,BJP,119195,1292,120487,50.95,255913,2026,93204,Sandhya Rani Tudu,TMC,27283,10.66
244,West Bengal,KASHIPUR,Kamala Kanta Hansda,MALE,51.0,GENERAL,BJP,105349,1222,106571,50.28,229972,2026,85295,Soumen Beltharia,TMC,21276,9.25
245,West Bengal,PARA (SC),Nadiar Chand Bouri,MALE,48.0,SC,BJP,112838,650,113488,52.55,236360,2026,79767,Manik Chandra Bauri,TMC,33721,14.27
246,West Bengal,RAGHUNATHPUR (SC),Mamoni Bauri,FEMALE,44.0,SC,BJP,126532,1096,127628,54.44,254449,2026,83569,Hazari Bouri,TMC,44059,17.32
247,West Bengal,SALTORA (SC),Chandana Bauri,FEMALE,35.0,SC,BJP,114278,902,115180,52.72,233527,2026,83045,Uttam Bauri,TMC,32135,13.76
248,West Bengal,CHHATNA,Satyanarayan Mukhopadhyay,MALE,55.0,GENERAL,BJP,124356,1616,125972,56.76,242884,2026,78798,Swapan Kumar Mondal,TMC,47174,19.42
249,West Bengal,RANIBANDH (ST),Kshudiram Tudu,MALE,55.0,ST,BJP,129253,1892,131145,55.38,255198,2026,78876,Tanushree Hansda,TMC,52269,20.48
250,West Bengal,RAIPUR (ST),Kshetramohan Hansda,MALE,61.0,ST,BJP,109899,1544,111443,53.01,224609,2026,82701,Thakurmani Saren,TMC,28742,12.8
251,West Bengal,TALDANGRA,Souvik Patra,MALE,32.0,GENERAL,BJP,122512,2025,124537,56.62,236732,2026,74464,Falguni Singhababu,TMC,50073,21.15
252,West Bengal,BANKURA,Niladri Sekhar Dana,MALE,59.0,GENERAL,BJP,134629,2363,136992,57.24,261565,2026,82815,Dr. Anup Mandal,TMC,54177,20.71
253,West Bengal,BARJORA,Billeswar Sinha,MALE,46.0,GENERAL,BJP,124335,1084,125419,53.29,252205,2026,84109,Goutam Mishra (shyam),TMC,41310,16.38
254,West Bengal,ONDA,Amarnath Shakha,MALE,61.0,GENERAL,BJP,126997,1299,128296,52.09,263110,2026,96573,Subrata Dutta (gopi),TMC,31723,12.06
255,West Bengal,BISHNUPUR,Shukla Chatterjee,FEMALE,48.0,GENERAL,BJP,110012,1070,111082,53.54,220848,2026,80477,Tanmay Ghosh (bumba),TMC,30605,13.86
256,West Bengal,KATULPUR (SC),Lakshmi Kanta Majumdar,MALE,50.0,SC,BJP,124734,1507,126241,52.55,254394,2026,91874,Harakali Protiher,TMC,34367,13.51
257,West Bengal,INDUS (SC),Nirmal Kumar Dhara,MALE,44.0,SC,BJP,107812,921,108733,46.79,245791,2026,107833,Shyamali Roy Bagdi,TMC,900,0.37
258,West Bengal,SONAMUKHI (SC),Dibakar Gharami,MALE,48.0,SC,BJP,114523,1026,115549,52.08,236292,2026,86139,Kallol Saha,TMC,29410,12.45
259,West Bengal,KHANDAGHOSH (SC),Nabin Chandra Bag,MALE,50.0,SC,TMC,103489,694,104183,46.67,233783,2026,95899,Goutam Dhara,BJP,8284,3.54
260,West Bengal,BARDHAMAN DAKSHIN,Moumita Biswas Misra,FEMALE,42.0,GENERAL,BJP,105989,1765,107754,52.61,222117,2026,77284,Khokan Das,TMC,30470,13.72
261,West Bengal,RAINA (SC),Subhash Patra,MALE,37.0,SC,BJP,102622,865,103487,44.37,246255,2026,102653,Mandira Dalui,TMC,834,0.34
262,West Bengal,JAMALPUR (SC),Arun Halder,MALE,58.0,SC,BJP,99403,533,99936,46.53,225551,2026,88758,Bhutnath Malik,TMC,11178,4.96
263,West Bengal,MONTESWAR,Saikat Panja,MALE,34.0,GENERAL,BJP,95883,676,96559,47.29,216968,2026,81761,Chowdhuri Siddiqullah,TMC,14798,6.82
264,West Bengal,KALNA (SC),Siddhartha Majumdar,MALE,44.0,SC,BJP,109908,882,110790,51.96,226568,2026,82160,Debo Prasad Bag (poltu),TMC,28630,12.64
265,West Bengal,MEMARI,Manab Guha,MALE,49.0,GENERAL,BJP,105740,688,106428,46.78,239719,2026,99322,Rash Bihari Halder,TMC,7106,2.96
266,West Bengal,BARDHAMAN UTTAR (SC),Nisith Kumar Malik,MALE,57.0,SC,TMC,111898,790,112688,45.45,260510,2026,106228,Sanjoy Das,BJP,6460,2.48
267,West Bengal,BHATAR,Karfa Soumen,MALE,34.0,GENERAL,BJP,98237,583,98820,46.03,226841,2026,92292,Koner Shantanu,TMC,6528,2.88
268,West Bengal,PURBASTHALI DAKSHIN,Pran Krishna Tapadar,MALE,43.0,GENERAL,BJP,110203,801,111004,50.44,232857,2026,94342,Swapan Debnath,TMC,16662,7.16
269,West Bengal,PURBASTHALI UTTAR,Gopal Chattopadhyay,MALE,48.0,GENERAL,BJP,110535,844,111379,49.53,239934,2026,81153,Vasundhara Goswami,TMC,30226,12.6
270,West Bengal,KATWA,Krishna Ghosh,MALE,47.0,GENERAL,BJP,120945,1075,122020,50.94,257343,2026,86954,Rabindranath Chatterjee,TMC,35066,13.63
271,West Bengal,KETUGRAM,Anadi Ghosh,MALE,46.0,GENERAL,BJP,110519,585,111104,50.69,234702,2026,83494,Sekh Sahonawez,TMC,27610,11.76
272,West Bengal,MANGALKOT,Shishir Ghosh,MALE,48.0,GENERAL,BJP,103420,600,104020,47.44,232205,2026,91297,Apurba Chowdhury (achal),TMC,12723,5.48
273,West Bengal,AUSGRAM (SC),Kalita Maji,FEMALE,38.0,SC,BJP,107134,558,107692,47.68,236132,2026,95157,Shyama Prasanna Lohar,TMC,12535,5.31
274,West Bengal,GALSI (SC),Raju Patra,MALE,35.0,SC,BJP,110156,484,110640,47.62,244138,2026,100146,Alok Kumar Majhi,TMC,10494,4.3
275,West Bengal,PANDABESWAR,Jitendra Kumar Tewari,MALE,52.0,GENERAL,BJP,79888,613,80501,46.08,188499,2026,79103,Narendranath Chakraborty,TMC,1398,0.74
276,West Bengal,DURGAPUR PURBA,Chandra Sekhar Banerjee,MALE,47.0,GENERAL,BJP,108214,674,108888,50.69,237454,2026,77954,Pradip Mazumdar,TMC,30934,13.03
277,West Bengal,DURGAPUR PASCHIM,Lakshman Chandra Ghorui,MALE,54.0,GENERAL,BJP,113997,732,114729,52.93,238974,2026,77131,Kabi Dutta,TMC,37598,15.73
278,West Bengal,RANIGANJ,Partha Ghosh,MALE,47.0,GENERAL,BJP,96837,579,97416,49.58,216243,2026,79630,Kalobaran Mondal,TMC,17786,8.23
279,West Bengal,JAMURIA,Dr. Bijan Mukherjee,MALE,47.0,GENERAL,BJP,89534,616,90150,49.64,196678,2026,67636,Hareram Singh,TMC,22514,11.45
280,West Bengal,ASANSOL DAKSHIN,Agnimitra Paul,FEMALE,53.0,GENERAL,BJP,118809,773,119582,55.42,239405,2026,78743,Tapas Banerjee,TMC,40839,17.06
281,West Bengal,ASANSOL UTTAR,Krishnendu Mukherjee,MALE,51.0,GENERAL,BJP,103750,766,104516,49.63,237089,2026,92901,Moloy Ghatak,TMC,11615,4.9
282,West Bengal,KULTI,Ajay Kumar Poddar,MALE,68.0,GENERAL,BJP,102963,607,103570,54.44,210912,2026,77072,Abhijit Ghatak,TMC,26498,12.56
283,West Bengal,BARABANI,Arijit Roy,MALE,34.0,GENERAL,BJP,91101,676,91777,49.54,202090,2026,80055,Bidhan Upadhyay,TMC,11722,5.8
284,West Bengal,DUBRAJPUR (SC),Anup Kumar Saha,MALE,39.0,SC,BJP,116699,738,117437,53.33,231802,2026,89790,Naresh Chandra Bauri,TMC,27647,11.93
285,West Bengal,SURI,Jagannath Chattopadhyay,MALE,48.0,GENERAL,BJP,122617,1626,124243,52.09,252420,2026,95557,Ujjal Chatterjee,TMC,28686,11.36
286,West Bengal,BOLPUR,Chandranath Sinha,MALE,63.0,GENERAL,TMC,114126,789,114915,46.65,260376,2026,101727,Dilip Ghosh,BJP,13188,5.06
287,West Bengal,NANOOR (SC),Bidhan Chandra Majhi,MALE,45.0,SC,TMC,119234,676,119910,47.37,269616,2026,111788,Khokan Das,BJP,8122,3.01
288,West Bengal,LABPUR,Debasis Ojha (haku Da),MALE,58.0,GENERAL,BJP,105538,864,106402,47.71,235224,2026,102852,Abhijit Sinha (rana),TMC,3550,1.51
289,West Bengal,SAINTHIA (SC),Krishna Kanta Saha,MALE,39.0,SC,BJP,114099,955,115054,47.71,252442,2026,104748,Nilabati Saha,TMC,10306,4.08
290,West Bengal,MAYURESWAR,Dudh Kumar Mondal,MALE,70.0,GENERAL,BJP,106135,921,107056,50.15,226302,2026,86054,Abhijit Roy,TMC,21002,9.28
291,West Bengal,RAMPURHAT,Dhruba Saha,MALE,46.0,GENERAL,BJP,110792,1128,111920,47.89,245490,2026,87687,Asish Banerjee,TMC,24233,9.87
292,West Bengal,HANSAN,Fayezul Haque (kajal Sk),MALE,51.0,GENERAL,TMC,102653,570,103223,45.56,237652,2026,74925,Nikhil Banerjee,BJP,28298,11.91
293,West Bengal,NALHATI,Rajendra Prasad Singh(raju Singh),MALE,53.0,GENERAL,TMC,87338,406,87744,39.43,232063,2026,74298,Anil Kumar Singh,BJP,13446,5.79
294,West Bengal,MURARAI,Dr. Mosarraf Hossain,MALE,63.0,GENERAL,TMC,96512,390,96902,39.89,252203,2026,59197,Sanjibur Rahaman (bappa),INC,37705,14.95
